customer_id,final_nach_amount
100001,101.01
100002,102.02
100003,103.03
100004,104.04
100005,105.05
100006,106.06
100007,107.07
100008,108.08
100009,109.09
100010,110.10
100011,111.11
100012,112.12
100013,113.13
100014,114.14
100015,115.15
100016,116.16
100017,117.17
100018,118.18
100019,119.19
100020,120.20
100021,121.21
100022,122.22
100023,123.23
100024,124.24
100025,125.25
100026,126.26
100027,127.27
100028,128.28
100029,129.29
100030,130.30
100031,131.31
100032,132.32
100033,133.33
100034,134.34
100035,135.35
100036,136.36
100037,137.37
100038,138.38
100039,139.39
100040,140.40
100041,141.41
100042,142.42
100043,143.43
100044,144.44
100045,145.45
100046,146.46
100047,147.47
100048,148.48
100049,149.49
100050,150.50
100051,151.51
100052,152.52
100053,153.53
100054,154.54
100055,155.55
100056,156.56
100057,157.57
100058,158.58
100059,159.59
100060,160.60
100061,161.61
100062,162.62
100063,163.63
100064,164.64
100065,165.65
100066,166.66
100067,167.67
100068,168.68
100069,169.69
100070,170.70
100071,171.71
100072,172.72
100073,173.73
100074,174.74
100075,175.75
100076,176.76
100077,177.77
100078,178.78
100079,179.79
100080,180.80
100081,181.81
100082,182.82
100083,183.83
100084,184.84
100085,185.85
100086,186.86
100087,187.87
100088,188.88
100089,189.89
100090,190.90
100091,191.91
100092,192.92
100093,193.93
100094,194.94
100095,195.95
100096,196.96
100097,197.97
100098,198.98
100099,199.99
100100,200.00
100101,201.01
100102,202.02
100103,203.03
100104,204.04
100105,205.05
100106,206.06
100107,207.07
100108,208.08
100109,209.09
100110,210.10
100111,211.11
100112,212.12
100113,213.13
100114,214.14
100115,215.15
100116,216.16
100117,217.17
100118,218.18
100119,219.19
100120,220.20
100121,221.21
100122,222.22
100123,223.23
100124,224.24
100125,225.25
100126,226.26
100127,227.27
100128,228.28
100129,229.29
100130,230.30
100131,231.31
100132,232.32
100133,233.33
100134,234.34
100135,235.35
100136,236.36
100137,237.37
100138,238.38
100139,239.39
100140,240.40
100141,241.41
100142,242.42
100143,243.43
100144,244.44
100145,245.45
100146,246.46
100147,247.47
100148,248.48
100149,249.49
100150,250.50
100151,251.51
100152,252.52
100153,253.53
100154,254.54
100155,255.55
100156,256.56
100157,257.57
100158,258.58
100159,259.59
100160,260.60
100161,261.61
100162,262.62
100163,263.63
100164,264.64
100165,265.65
100166,266.66
100167,267.67
100168,268.68
100169,269.69
100170,270.70
100171,271.71
100172,272.72
100173,273.73
100174,274.74
100175,275.75
100176,276.76
100177,277.77
100178,278.78
100179,279.79
100180,280.80
100181,281.81
100182,282.82
100183,283.83
100184,284.84
100185,285.85
100186,286.86
100187,287.87
100188,288.88
100189,289.89
100190,290.90
100191,291.91
100192,292.92
100193,293.93
100194,294.94
100195,295.95
100196,296.96
100197,297.97
100198,298.98
100199,299.99
100200,300.00
100201,301.01
100202,302.02
100203,303.03
100204,304.04
100205,305.05
100206,306.06
100207,307.07
100208,308.08
100209,309.09
100210,310.10
100211,311.11
100212,312.12
100213,313.13
100214,314.14
100215,315.15
100216,316.16
100217,317.17
100218,318.18
100219,319.19
100220,320.20
100221,321.21
100222,322.22
100223,323.23
100224,324.24
100225,325.25
100226,326.26
100227,327.27
100228,328.28
100229,329.29
100230,330.30
100231,331.31
100232,332.32
100233,333.33
100234,334.34
100235,335.35
100236,336.36
100237,337.37
100238,338.38
100239,339.39
100240,340.40
100241,341.41
100242,342.42
100243,343.43
100244,344.44
100245,345.45
100246,346.46
100247,347.47
100248,348.48
100249,349.49
100250,350.50
100251,351.51
100252,352.52
100253,353.53
100254,354.54
100255,355.55
100256,356.56
100257,357.57
100258,358.58
100259,359.59
100260,360.60
100261,361.61
100262,362.62
100263,363.63
100264,364.64
100265,365.65
100266,366.66
100267,367.67
100268,368.68
100269,369.69
100270,370.70
100271,371.71
100272,372.72
100273,373.73
100274,374.74
100275,375.75
100276,376.76
100277,377.77
100278,378.78
100279,379.79
100280,380.80
100281,381.81
100282,382.82
100283,383.83
100284,384.84
100285,385.85
100286,386.86
100287,387.87
100288,388.88
100289,389.89
100290,390.90
100291,391.91
100292,392.92
100293,393.93
100294,394.94
100295,395.95
100296,396.96
100297,397.97
100298,398.98
100299,399.99
100300,400.00
100301,401.01
100302,402.02
100303,403.03
100304,404.04
100305,405.05
100306,406.06
100307,407.07
100308,408.08
100309,409.09
100310,410.10
100311,411.11
100312,412.12
100313,413.13
100314,414.14
100315,415.15
100316,416.16
100317,417.17
100318,418.18
100319,419.19
100320,420.20
100321,421.21
100322,422.22
100323,423.23
100324,424.24
100325,425.25
100326,426.26
100327,427.27
100328,428.28
100329,429.29
100330,430.30
100331,431.31
100332,432.32
100333,433.33
100334,434.34
100335,435.35
100336,436.36
100337,437.37
100338,438.38
100339,439.39
100340,440.40
100341,441.41
100342,442.42
100343,443.43
100344,444.44
100345,445.45
100346,446.46
100347,447.47
100348,448.48
100349,449.49
100350,450.50
100351,451.51
100352,452.52
100353,453.53
100354,454.54
100355,455.55
100356,456.56
100357,457.57
100358,458.58
100359,459.59
100360,460.60
100361,461.61
100362,462.62
100363,463.63
100364,464.64
100365,465.65
100366,466.66
100367,467.67
100368,468.68
100369,469.69
100370,470.70
100371,471.71
100372,472.72
100373,473.73
100374,474.74
100375,475.75
100376,476.76
100377,477.77
100378,478.78
100379,479.79
100380,480.80
100381,481.81
100382,482.82
100383,483.83
100384,484.84
100385,485.85
100386,486.86
100387,487.87
100388,488.88
100389,489.89
100390,490.90
100391,491.91
100392,492.92
100393,493.93
100394,494.94
100395,495.95
100396,496.96
100397,497.97
100398,498.98
100399,499.99
100400,500.00
100401,501.01
100402,502.02
100403,503.03
100404,504.04
100405,505.05
100406,506.06
100407,507.07
100408,508.08
100409,509.09
100410,510.10
100411,511.11
100412,512.12
100413,513.13
100414,514.14
100415,515.15
100416,516.16
100417,517.17
100418,518.18
100419,519.19
100420,520.20
100421,521.21
100422,522.22
100423,523.23
100424,524.24
100425,525.25
100426,526.26
100427,527.27
100428,528.28
100429,529.29
100430,530.30
100431,531.31
100432,532.32
100433,533.33
100434,534.34
100435,535.35
100436,536.36
100437,537.37
100438,538.38
100439,539.39
100440,540.40
100441,541.41
100442,542.42
100443,543.43
100444,544.44
100445,545.45
100446,546.46
100447,547.47
100448,548.48
100449,549.49
100450,550.50
100451,551.51
100452,552.52
100453,553.53
100454,554.54
100455,555.55
100456,556.56
100457,557.57
100458,558.58
100459,559.59
100460,560.60
100461,561.61
100462,562.62
100463,563.63
100464,564.64
100465,565.65
100466,566.66
100467,567.67
100468,568.68
100469,569.69
100470,570.70
100471,571.71
100472,572.72
100473,573.73
100474,574.74
100475,575.75
100476,576.76
100477,577.77
100478,578.78
100479,579.79
100480,580.80
100481,581.81
100482,582.82
100483,583.83
100484,584.84
100485,585.85
100486,586.86
100487,587.87
100488,588.88
100489,589.89
100490,590.90
100491,591.91
100492,592.92
100493,593.93
100494,594.94
100495,595.95
100496,596.96
100497,597.97
100498,598.98
100499,599.99
100500,600.00
100501,601.01
100502,602.02
100503,603.03
100504,604.04
100505,605.05
100506,606.06
100507,607.07
100508,608.08
100509,609.09
100510,610.10
100511,611.11
100512,612.12
100513,613.13
100514,614.14
100515,615.15
100516,616.16
100517,617.17
100518,618.18
100519,619.19
100520,620.20
100521,621.21
100522,622.22
100523,623.23
100524,624.24
100525,625.25
100526,626.26
100527,627.27
100528,628.28
100529,629.29
100530,630.30
100531,631.31
100532,632.32
100533,633.33
100534,634.34
100535,635.35
100536,636.36
100537,637.37
100538,638.38
100539,639.39
100540,640.40
100541,641.41
100542,642.42
100543,643.43
100544,644.44
100545,645.45
100546,646.46
100547,647.47
100548,648.48
100549,649.49
100550,650.50
100551,651.51
100552,652.52
100553,653.53
100554,654.54
100555,655.55
100556,656.56
100557,657.57
100558,658.58
100559,659.59
100560,660.60
100561,661.61
100562,662.62
100563,663.63
100564,664.64
100565,665.65
100566,666.66
100567,667.67
100568,668.68
100569,669.69
100570,670.70
100571,671.71
100572,672.72
100573,673.73
100574,674.74
100575,675.75
100576,676.76
100577,677.77
100578,678.78
100579,679.79
100580,680.80
100581,681.81
100582,682.82
100583,683.83
100584,684.84
100585,685.85
100586,686.86
100587,687.87
100588,688.88
100589,689.89
100590,690.90
100591,691.91
100592,692.92
100593,693.93
100594,694.94
100595,695.95
100596,696.96
100597,697.97
100598,698.98
100599,699.99
100600,700.00
100601,701.01
100602,702.02
100603,703.03
100604,704.04
100605,705.05
100606,706.06
100607,707.07
100608,708.08
100609,709.09
100610,710.10
100611,711.11
100612,712.12
100613,713.13
100614,714.14
100615,715.15
100616,716.16
100617,717.17
100618,718.18
100619,719.19
100620,720.20
100621,721.21
100622,722.22
100623,723.23
100624,724.24
100625,725.25
100626,726.26
100627,727.27
100628,728.28
100629,729.29
100630,730.30
100631,731.31
100632,732.32
100633,733.33
100634,734.34
100635,735.35
100636,736.36
100637,737.37
100638,738.38
100639,739.39
100640,740.40
100641,741.41
100642,742.42
100643,743.43
100644,744.44
100645,745.45
100646,746.46
100647,747.47
100648,748.48
100649,749.49
100650,750.50
100651,751.51
100652,752.52
100653,753.53
100654,754.54
100655,755.55
100656,756.56
100657,757.57
100658,758.58
100659,759.59
100660,760.60
100661,761.61
100662,762.62
100663,763.63
100664,764.64
100665,765.65
100666,766.66
100667,767.67
100668,768.68
100669,769.69
100670,770.70
100671,771.71
100672,772.72
100673,773.73
100674,774.74
100675,775.75
100676,776.76
100677,777.77
100678,778.78
100679,779.79
100680,780.80
100681,781.81
100682,782.82
100683,783.83
100684,784.84
100685,785.85
100686,786.86
100687,787.87
100688,788.88
100689,789.89
100690,790.90
100691,791.91
100692,792.92
100693,793.93
100694,794.94
100695,795.95
100696,796.96
100697,797.97
100698,798.98
100699,799.99
100700,800.00
100701,801.01
100702,802.02
100703,803.03
100704,804.04
100705,805.05
100706,806.06
100707,807.07
100708,808.08
100709,809.09
100710,810.10
100711,811.11
100712,812.12
100713,813.13
100714,814.14
100715,815.15
100716,816.16
100717,817.17
100718,818.18
100719,819.19
100720,820.20
100721,821.21
100722,822.22
100723,823.23
100724,824.24
100725,825.25
100726,826.26
100727,827.27
100728,828.28
100729,829.29
100730,830.30
100731,831.31
100732,832.32
100733,833.33
100734,834.34
100735,835.35
100736,836.36
100737,837.37
100738,838.38
100739,839.39
100740,840.40
100741,841.41
100742,842.42
100743,843.43
100744,844.44
100745,845.45
100746,846.46
100747,847.47
100748,848.48
100749,849.49
100750,850.50
100751,851.51
100752,852.52
100753,853.53
100754,854.54
100755,855.55
100756,856.56
100757,857.57
100758,858.58
100759,859.59
100760,860.60
100761,861.61
100762,862.62
100763,863.63
100764,864.64
100765,865.65
100766,866.66
100767,867.67
100768,868.68
100769,869.69
100770,870.70
100771,871.71
100772,872.72
100773,873.73
100774,874.74
100775,875.75
100776,876.76
100777,877.77
100778,878.78
100779,879.79
100780,880.80
100781,881.81
100782,882.82
100783,883.83
100784,884.84
100785,885.85
100786,886.86
100787,887.87
100788,888.88
100789,889.89
100790,890.90
100791,891.91
100792,892.92
100793,893.93
100794,894.94
100795,895.95
100796,896.96
100797,897.97
100798,898.98
100799,899.99
100800,900.00
100801,901.01
100802,902.02
100803,903.03
100804,904.04
100805,905.05
100806,906.06
100807,907.07
100808,908.08
100809,909.09
100810,910.10
100811,911.11
100812,912.12
100813,913.13
100814,914.14
100815,915.15
100816,916.16
100817,917.17
100818,918.18
100819,919.19
100820,920.20
100821,921.21
100822,922.22
100823,923.23
100824,924.24
100825,925.25
100826,926.26
100827,927.27
100828,928.28
100829,929.29
100830,930.30
100831,931.31
100832,932.32
100833,933.33
100834,934.34
100835,935.35
100836,936.36
100837,937.37
100838,938.38
100839,939.39
100840,940.40
100841,941.41
100842,942.42
100843,943.43
100844,944.44
100845,945.45
100846,946.46
100847,947.47
100848,948.48
100849,949.49
100850,950.50
100851,951.51
100852,952.52
100853,953.53
100854,954.54
100855,955.55
100856,956.56
100857,957.57
100858,958.58
100859,959.59
100860,960.60
100861,961.61
100862,962.62
100863,963.63
100864,964.64
100865,965.65
100866,966.66
100867,967.67
100868,968.68
100869,969.69
100870,970.70
100871,971.71
100872,972.72
100873,973.73
100874,974.74
100875,975.75
100876,976.76
100877,977.77
100878,978.78
100879,979.79
100880,980.80
100881,981.81
100882,982.82
100883,983.83
100884,984.84
100885,985.85
100886,986.86
100887,987.87
100888,988.88
100889,989.89
100890,990.90
100891,991.91
100892,992.92
100893,993.93
100894,994.94
100895,995.95
100896,996.96
100897,997.97
100898,998.98
100899,999.99
100900,1000.00
100901,1001.01
100902,1002.02
100903,1003.03
100904,1004.04
100905,1005.05
100906,1006.06
100907,1007.07
100908,1008.08
100909,1009.09
100910,1010.10
100911,1011.11
100912,1012.12
100913,1013.13
100914,1014.14
100915,1015.15
100916,1016.16
100917,1017.17
100918,1018.18
100919,1019.19
100920,1020.20
100921,1021.21
100922,1022.22
100923,1023.23
100924,1024.24
100925,1025.25
100926,1026.26
100927,1027.27
100928,1028.28
100929,1029.29
100930,1030.30
100931,1031.31
100932,1032.32
100933,1033.33
100934,1034.34
100935,1035.35
100936,1036.36
100937,1037.37
100938,1038.38
100939,1039.39
100940,1040.40
100941,1041.41
100942,1042.42
100943,1043.43
100944,1044.44
100945,1045.45
100946,1046.46
100947,1047.47
100948,1048.48
100949,1049.49
100950,1050.50
100951,1051.51
100952,1052.52
100953,1053.53
100954,1054.54
100955,1055.55
100956,1056.56
100957,1057.57
100958,1058.58
100959,1059.59
100960,1060.60
100961,1061.61
100962,1062.62
100963,1063.63
100964,1064.64
100965,1065.65
100966,1066.66
100967,1067.67
100968,1068.68
100969,1069.69
100970,1070.70
100971,1071.71
100972,1072.72
100973,1073.73
100974,1074.74
100975,1075.75
100976,1076.76
100977,1077.77
100978,1078.78
100979,1079.79
100980,1080.80
100981,1081.81
100982,1082.82
100983,1083.83
100984,1084.84
100985,1085.85
100986,1086.86
100987,1087.87
100988,1088.88
100989,1089.89
100990,1090.90
100991,1091.91
100992,1092.92
100993,1093.93
100994,1094.94
100995,1095.95
100996,1096.96
100997,1097.97
100998,1098.98
100999,1099.99
101000,1100.00
101001,1101.01
101002,1102.02
101003,1103.03
101004,1104.04
101005,1105.05
101006,1106.06
101007,1107.07
101008,1108.08
101009,1109.09
101010,1110.10
101011,1111.11
101012,1112.12
101013,1113.13
101014,1114.14
101015,1115.15
101016,1116.16
101017,1117.17
101018,1118.18
101019,1119.19
101020,1120.20
101021,1121.21
101022,1122.22
101023,1123.23
101024,1124.24
101025,1125.25
101026,1126.26
101027,1127.27
101028,1128.28
101029,1129.29
101030,1130.30
101031,1131.31
101032,1132.32
101033,1133.33
101034,1134.34
101035,1135.35
101036,1136.36
101037,1137.37
101038,1138.38
101039,1139.39
101040,1140.40
101041,1141.41
101042,1142.42
101043,1143.43
101044,1144.44
101045,1145.45
101046,1146.46
101047,1147.47
101048,1148.48
101049,1149.49
101050,1150.50
101051,1151.51
101052,1152.52
101053,1153.53
101054,1154.54
101055,1155.55
101056,1156.56
101057,1157.57
101058,1158.58
101059,1159.59
101060,1160.60
101061,1161.61
101062,1162.62
101063,1163.63
101064,1164.64
101065,1165.65
101066,1166.66
101067,1167.67
101068,1168.68
101069,1169.69
101070,1170.70
101071,1171.71
101072,1172.72
101073,1173.73
101074,1174.74
101075,1175.75
101076,1176.76
101077,1177.77
101078,1178.78
101079,1179.79
101080,1180.80
101081,1181.81
101082,1182.82
101083,1183.83
101084,1184.84
101085,1185.85
101086,1186.86
101087,1187.87
101088,1188.88
101089,1189.89
101090,1190.90
101091,1191.91
101092,1192.92
101093,1193.93
101094,1194.94
101095,1195.95
101096,1196.96
101097,1197.97
101098,1198.98
101099,1199.99
101100,1200.00
101101,1201.01
101102,1202.02
101103,1203.03
101104,1204.04
101105,1205.05
101106,1206.06
101107,1207.07
101108,1208.08
101109,1209.09
101110,1210.10
101111,1211.11
101112,1212.12
101113,1213.13
101114,1214.14
101115,1215.15
101116,1216.16
101117,1217.17
101118,1218.18
101119,1219.19
101120,1220.20
101121,1221.21
101122,1222.22
101123,1223.23
101124,1224.24
101125,1225.25
101126,1226.26
101127,1227.27
101128,1228.28
101129,1229.29
101130,1230.30
101131,1231.31
101132,1232.32
101133,1233.33
101134,1234.34
101135,1235.35
101136,1236.36
101137,1237.37
101138,1238.38
101139,1239.39
101140,1240.40
101141,1241.41
101142,1242.42
101143,1243.43
101144,1244.44
101145,1245.45
101146,1246.46
101147,1247.47
101148,1248.48
101149,1249.49
101150,1250.50
101151,1251.51
101152,1252.52
101153,1253.53
101154,1254.54
101155,1255.55
101156,1256.56
101157,1257.57
101158,1258.58
101159,1259.59
101160,1260.60
101161,1261.61
101162,1262.62
101163,1263.63
101164,1264.64
101165,1265.65
101166,1266.66
101167,1267.67
101168,1268.68
101169,1269.69
101170,1270.70
101171,1271.71
101172,1272.72
101173,1273.73
101174,1274.74
101175,1275.75
101176,1276.76
101177,1277.77
101178,1278.78
101179,1279.79
101180,1280.80
101181,1281.81
101182,1282.82
101183,1283.83
101184,1284.84
101185,1285.85
101186,1286.86
101187,1287.87
101188,1288.88
101189,1289.89
101190,1290.90
101191,1291.91
101192,1292.92
101193,1293.93
101194,1294.94
101195,1295.95
101196,1296.96
101197,1297.97
101198,1298.98
101199,1299.99
101200,1300.00
101201,1301.01
101202,1302.02
101203,1303.03
101204,1304.04
101205,1305.05
101206,1306.06
101207,1307.07
101208,1308.08
101209,1309.09
101210,1310.10
101211,1311.11
101212,1312.12
101213,1313.13
101214,1314.14
101215,1315.15
101216,1316.16
101217,1317.17
101218,1318.18
101219,1319.19
101220,1320.20
101221,1321.21
101222,1322.22
101223,1323.23
101224,1324.24
101225,1325.25
101226,1326.26
101227,1327.27
101228,1328.28
101229,1329.29
101230,1330.30
101231,1331.31
101232,1332.32
101233,1333.33
101234,1334.34
101235,1335.35
101236,1336.36
101237,1337.37
101238,1338.38
101239,1339.39
101240,1340.40
101241,1341.41
101242,1342.42
101243,1343.43
101244,1344.44
101245,1345.45
101246,1346.46
101247,1347.47
101248,1348.48
101249,1349.49
101250,1350.50
101251,1351.51
101252,1352.52
101253,1353.53
101254,1354.54
101255,1355.55
101256,1356.56
101257,1357.57
101258,1358.58
101259,1359.59
101260,1360.60
101261,1361.61
101262,1362.62
101263,1363.63
101264,1364.64
101265,1365.65
101266,1366.66
101267,1367.67
101268,1368.68
101269,1369.69
101270,1370.70
101271,1371.71
101272,1372.72
101273,1373.73
101274,1374.74
101275,1375.75
101276,1376.76
101277,1377.77
101278,1378.78
101279,1379.79
101280,1380.80
101281,1381.81
101282,1382.82
101283,1383.83
101284,1384.84
101285,1385.85
101286,1386.86
101287,1387.87
101288,1388.88
101289,1389.89
101290,1390.90
101291,1391.91
101292,1392.92
101293,1393.93
101294,1394.94
101295,1395.95
101296,1396.96
101297,1397.97
101298,1398.98
101299,1399.99
101300,1400.00
101301,1401.01
101302,1402.02
101303,1403.03
101304,1404.04
101305,1405.05
101306,1406.06
101307,1407.07
101308,1408.08
101309,1409.09
101310,1410.10
101311,1411.11
101312,1412.12
101313,1413.13
101314,1414.14
101315,1415.15
101316,1416.16
101317,1417.17
101318,1418.18
101319,1419.19
101320,1420.20
101321,1421.21
101322,1422.22
101323,1423.23
101324,1424.24
101325,1425.25
101326,1426.26
101327,1427.27
101328,1428.28
101329,1429.29
101330,1430.30
101331,1431.31
101332,1432.32
101333,1433.33
101334,1434.34
101335,1435.35
101336,1436.36
101337,1437.37
101338,1438.38
101339,1439.39
101340,1440.40
101341,1441.41
101342,1442.42
101343,1443.43
101344,1444.44
101345,1445.45
101346,1446.46
101347,1447.47
101348,1448.48
101349,1449.49
101350,1450.50
101351,1451.51
101352,1452.52
101353,1453.53
101354,1454.54
101355,1455.55
101356,1456.56
101357,1457.57
101358,1458.58
101359,1459.59
101360,1460.60
101361,1461.61
101362,1462.62
101363,1463.63
101364,1464.64
101365,1465.65
101366,1466.66
101367,1467.67
101368,1468.68
101369,1469.69
101370,1470.70
101371,1471.71
101372,1472.72
101373,1473.73
101374,1474.74
101375,1475.75
101376,1476.76
101377,1477.77
101378,1478.78
101379,1479.79
101380,1480.80
101381,1481.81
101382,1482.82
101383,1483.83
101384,1484.84
101385,1485.85
101386,1486.86
101387,1487.87
101388,1488.88
101389,1489.89
101390,1490.90
101391,1491.91
101392,1492.92
101393,1493.93
101394,1494.94
101395,1495.95
101396,1496.96
101397,1497.97
101398,1498.98
101399,1499.99
101400,1500.00
101401,1501.01
101402,1502.02
101403,1503.03
101404,1504.04
101405,1505.05
101406,1506.06
101407,1507.07
101408,1508.08
101409,1509.09
101410,1510.10
101411,1511.11
101412,1512.12
101413,1513.13
101414,1514.14
101415,1515.15
101416,1516.16
101417,1517.17
101418,1518.18
101419,1519.19
101420,1520.20
101421,1521.21
101422,1522.22
101423,1523.23
101424,1524.24
101425,1525.25
101426,1526.26
101427,1527.27
101428,1528.28
101429,1529.29
101430,1530.30
101431,1531.31
101432,1532.32
101433,1533.33
101434,1534.34
101435,1535.35
101436,1536.36
101437,1537.37
101438,1538.38
101439,1539.39
101440,1540.40
101441,1541.41
101442,1542.42
101443,1543.43
101444,1544.44
101445,1545.45
101446,1546.46
101447,1547.47
101448,1548.48
101449,1549.49
101450,1550.50
101451,1551.51
101452,1552.52
101453,1553.53
101454,1554.54
101455,1555.55
101456,1556.56
101457,1557.57
101458,1558.58
101459,1559.59
101460,1560.60
101461,1561.61
101462,1562.62
101463,1563.63
101464,1564.64
101465,1565.65
101466,1566.66
101467,1567.67
101468,1568.68
101469,1569.69
101470,1570.70
101471,1571.71
101472,1572.72
101473,1573.73
101474,1574.74
101475,1575.75
101476,1576.76
101477,1577.77
101478,1578.78
101479,1579.79
101480,1580.80
101481,1581.81
101482,1582.82
101483,1583.83
101484,1584.84
101485,1585.85
101486,1586.86
101487,1587.87
101488,1588.88
101489,1589.89
101490,1590.90
101491,1591.91
101492,1592.92
101493,1593.93
101494,1594.94
101495,1595.95
101496,1596.96
101497,1597.97
101498,1598.98
101499,1599.99
101500,1600.00
101501,1601.01
101502,1602.02
101503,1603.03
101504,1604.04
101505,1605.05
101506,1606.06
101507,1607.07
101508,1608.08
101509,1609.09
101510,1610.10
101511,1611.11
101512,1612.12
101513,1613.13
101514,1614.14
101515,1615.15
101516,1616.16
101517,1617.17
101518,1618.18
101519,1619.19
101520,1620.20
101521,1621.21
101522,1622.22
101523,1623.23
101524,1624.24
101525,1625.25
101526,1626.26
101527,1627.27
101528,1628.28
101529,1629.29
101530,1630.30
101531,1631.31
101532,1632.32
101533,1633.33
101534,1634.34
101535,1635.35
101536,1636.36
101537,1637.37
101538,1638.38
101539,1639.39
101540,1640.40
101541,1641.41
101542,1642.42
101543,1643.43
101544,1644.44
101545,1645.45
101546,1646.46
101547,1647.47
101548,1648.48
101549,1649.49
101550,1650.50
101551,1651.51
101552,1652.52
101553,1653.53
101554,1654.54
101555,1655.55
101556,1656.56
101557,1657.57
101558,1658.58
101559,1659.59
101560,1660.60
101561,1661.61
101562,1662.62
101563,1663.63
101564,1664.64
101565,1665.65
101566,1666.66
101567,1667.67
101568,1668.68
101569,1669.69
101570,1670.70
101571,1671.71
101572,1672.72
101573,1673.73
101574,1674.74
101575,1675.75
101576,1676.76
101577,1677.77
101578,1678.78
101579,1679.79
101580,1680.80
101581,1681.81
101582,1682.82
101583,1683.83
101584,1684.84
101585,1685.85
101586,1686.86
101587,1687.87
101588,1688.88
101589,1689.89
101590,1690.90
101591,1691.91
101592,1692.92
101593,1693.93
101594,1694.94
101595,1695.95
101596,1696.96
101597,1697.97
101598,1698.98
101599,1699.99
101600,1700.00
101601,1701.01
101602,1702.02
101603,1703.03
101604,1704.04
101605,1705.05
101606,1706.06
101607,1707.07
101608,1708.08
101609,1709.09
101610,1710.10
101611,1711.11
101612,1712.12
101613,1713.13
101614,1714.14
101615,1715.15
101616,1716.16
101617,1717.17
101618,1718.18
101619,1719.19
101620,1720.20
101621,1721.21
101622,1722.22
101623,1723.23
101624,1724.24
101625,1725.25
101626,1726.26
101627,1727.27
101628,1728.28
101629,1729.29
101630,1730.30
101631,1731.31
101632,1732.32
101633,1733.33
101634,1734.34
101635,1735.35
101636,1736.36
101637,1737.37
101638,1738.38
101639,1739.39
101640,1740.40
101641,1741.41
101642,1742.42
101643,1743.43
101644,1744.44
101645,1745.45
101646,1746.46
101647,1747.47
101648,1748.48
101649,1749.49
101650,1750.50
101651,1751.51
101652,1752.52
101653,1753.53
101654,1754.54
101655,1755.55
101656,1756.56
101657,1757.57
101658,1758.58
101659,1759.59
101660,1760.60
101661,1761.61
101662,1762.62
101663,1763.63
101664,1764.64
101665,1765.65
101666,1766.66
101667,1767.67
101668,1768.68
101669,1769.69
101670,1770.70
101671,1771.71
101672,1772.72
101673,1773.73
101674,1774.74
101675,1775.75
101676,1776.76
101677,1777.77
101678,1778.78
101679,1779.79
101680,1780.80
101681,1781.81
101682,1782.82
101683,1783.83
101684,1784.84
101685,1785.85
101686,1786.86
101687,1787.87
101688,1788.88
101689,1789.89
101690,1790.90
101691,1791.91
101692,1792.92
101693,1793.93
101694,1794.94
101695,1795.95
101696,1796.96
101697,1797.97
101698,1798.98
101699,1799.99
101700,1800.00
101701,1801.01
101702,1802.02
101703,1803.03
101704,1804.04
101705,1805.05
101706,1806.06
101707,1807.07
101708,1808.08
101709,1809.09
101710,1810.10
101711,1811.11
101712,1812.12
101713,1813.13
101714,1814.14
101715,1815.15
101716,1816.16
101717,1817.17
101718,1818.18
101719,1819.19
101720,1820.20
101721,1821.21
101722,1822.22
101723,1823.23
101724,1824.24
101725,1825.25
101726,1826.26
101727,1827.27
101728,1828.28
101729,1829.29
101730,1830.30
101731,1831.31
101732,1832.32
101733,1833.33
101734,1834.34
101735,1835.35
101736,1836.36
101737,1837.37
101738,1838.38
101739,1839.39
101740,1840.40
101741,1841.41
101742,1842.42
101743,1843.43
101744,1844.44
101745,1845.45
101746,1846.46
101747,1847.47
101748,1848.48
101749,1849.49
101750,1850.50
101751,1851.51
101752,1852.52
101753,1853.53
101754,1854.54
101755,1855.55
101756,1856.56
101757,1857.57
101758,1858.58
101759,1859.59
101760,1860.60
101761,1861.61
101762,1862.62
101763,1863.63
101764,1864.64
101765,1865.65
101766,1866.66
101767,1867.67
101768,1868.68
101769,1869.69
101770,1870.70
101771,1871.71
101772,1872.72
101773,1873.73
101774,1874.74
101775,1875.75
101776,1876.76
101777,1877.77
101778,1878.78
101779,1879.79
101780,1880.80
101781,1881.81
101782,1882.82
101783,1883.83
101784,1884.84
101785,1885.85
101786,1886.86
101787,1887.87
101788,1888.88
101789,1889.89
101790,1890.90
101791,1891.91
101792,1892.92
101793,1893.93
101794,1894.94
101795,1895.95
101796,1896.96
101797,1897.97
101798,1898.98
101799,1899.99
101800,1900.00
101801,1901.01
101802,1902.02
101803,1903.03
101804,1904.04
101805,1905.05
101806,1906.06
101807,1907.07
101808,1908.08
101809,1909.09
101810,1910.10
101811,1911.11
101812,1912.12
101813,1913.13
101814,1914.14
101815,1915.15
101816,1916.16
101817,1917.17
101818,1918.18
101819,1919.19
101820,1920.20
101821,1921.21
101822,1922.22
101823,1923.23
101824,1924.24
101825,1925.25
101826,1926.26
101827,1927.27
101828,1928.28
101829,1929.29
101830,1930.30
101831,1931.31
101832,1932.32
101833,1933.33
101834,1934.34
101835,1935.35
101836,1936.36
101837,1937.37
101838,1938.38
101839,1939.39
101840,1940.40
101841,1941.41
101842,1942.42
101843,1943.43
101844,1944.44
101845,1945.45
101846,1946.46
101847,1947.47
101848,1948.48
101849,1949.49
101850,1950.50
101851,1951.51
101852,1952.52
101853,1953.53
101854,1954.54
101855,1955.55
101856,1956.56
101857,1957.57
101858,1958.58
101859,1959.59
101860,1960.60
101861,1961.61
101862,1962.62
101863,1963.63
101864,1964.64
101865,1965.65
101866,1966.66
101867,1967.67
101868,1968.68
101869,1969.69
101870,1970.70
101871,1971.71
101872,1972.72
101873,1973.73
101874,1974.74
101875,1975.75
101876,1976.76
101877,1977.77
101878,1978.78
101879,1979.79
101880,1980.80
101881,1981.81
101882,1982.82
101883,1983.83
101884,1984.84
101885,1985.85
101886,1986.86
101887,1987.87
101888,1988.88
101889,1989.89
101890,1990.90
101891,1991.91
101892,1992.92
101893,1993.93
101894,1994.94
101895,1995.95
101896,1996.96
101897,1997.97
101898,1998.98
101899,1999.99
101900,2000.00
101901,2001.01
101902,2002.02
101903,2003.03
101904,2004.04
101905,2005.05
101906,2006.06
101907,2007.07
101908,2008.08
101909,2009.09
101910,2010.10
101911,2011.11
101912,2012.12
101913,2013.13
101914,2014.14
101915,2015.15
101916,2016.16
101917,2017.17
101918,2018.18
101919,2019.19
101920,2020.20
101921,2021.21
101922,2022.22
101923,2023.23
101924,2024.24
101925,2025.25
101926,2026.26
101927,2027.27
101928,2028.28
101929,2029.29
101930,2030.30
101931,2031.31
101932,2032.32
101933,2033.33
101934,2034.34
101935,2035.35
101936,2036.36
101937,2037.37
101938,2038.38
101939,2039.39
101940,2040.40
101941,2041.41
101942,2042.42
101943,2043.43
101944,2044.44
101945,2045.45
101946,2046.46
101947,2047.47
101948,2048.48
101949,2049.49
101950,2050.50
101951,2051.51
101952,2052.52
101953,2053.53
101954,2054.54
101955,2055.55
101956,2056.56
101957,2057.57
101958,2058.58
101959,2059.59
101960,2060.60
101961,2061.61
101962,2062.62
101963,2063.63
101964,2064.64
101965,2065.65
101966,2066.66
101967,2067.67
101968,2068.68
101969,2069.69
101970,2070.70
101971,2071.71
101972,2072.72
101973,2073.73
101974,2074.74
101975,2075.75
101976,2076.76
101977,2077.77
101978,2078.78
101979,2079.79
101980,2080.80
101981,2081.81
101982,2082.82
101983,2083.83
101984,2084.84
101985,2085.85
101986,2086.86
101987,2087.87
101988,2088.88
101989,2089.89
101990,2090.90
101991,2091.91
101992,2092.92
101993,2093.93
101994,2094.94
101995,2095.95
101996,2096.96
101997,2097.97
101998,2098.98
101999,2099.99
102000,2100.00
102001,2101.01
102002,2102.02
102003,2103.03
102004,2104.04
102005,2105.05
102006,2106.06
102007,2107.07
102008,2108.08
102009,2109.09
102010,2110.10
102011,2111.11
102012,2112.12
102013,2113.13
102014,2114.14
102015,2115.15
102016,2116.16
102017,2117.17
102018,2118.18
102019,2119.19
102020,2120.20
102021,2121.21
102022,2122.22
102023,2123.23
102024,2124.24
102025,2125.25
102026,2126.26
102027,2127.27
102028,2128.28
102029,2129.29
102030,2130.30
102031,2131.31
102032,2132.32
102033,2133.33
102034,2134.34
102035,2135.35
102036,2136.36
102037,2137.37
102038,2138.38
102039,2139.39
102040,2140.40
102041,2141.41
102042,2142.42
102043,2143.43
102044,2144.44
102045,2145.45
102046,2146.46
102047,2147.47
102048,2148.48
102049,2149.49
102050,2150.50
102051,2151.51
102052,2152.52
102053,2153.53
102054,2154.54
102055,2155.55
102056,2156.56
102057,2157.57
102058,2158.58
102059,2159.59
102060,2160.60
102061,2161.61
102062,2162.62
102063,2163.63
102064,2164.64
102065,2165.65
102066,2166.66
102067,2167.67
102068,2168.68
102069,2169.69
102070,2170.70
102071,2171.71
102072,2172.72
102073,2173.73
102074,2174.74
102075,2175.75
102076,2176.76
102077,2177.77
102078,2178.78
102079,2179.79
102080,2180.80
102081,2181.81
102082,2182.82
102083,2183.83
102084,2184.84
102085,2185.85
102086,2186.86
102087,2187.87
102088,2188.88
102089,2189.89
102090,2190.90
102091,2191.91
102092,2192.92
102093,2193.93
102094,2194.94
102095,2195.95
102096,2196.96
102097,2197.97
102098,2198.98
102099,2199.99
102100,2200.00
102101,2201.01
102102,2202.02
102103,2203.03
102104,2204.04
102105,2205.05
102106,2206.06
102107,2207.07
102108,2208.08
102109,2209.09
102110,2210.10
102111,2211.11
102112,2212.12
102113,2213.13
102114,2214.14
102115,2215.15
102116,2216.16
102117,2217.17
102118,2218.18
102119,2219.19
102120,2220.20
102121,2221.21
102122,2222.22
102123,2223.23
102124,2224.24
102125,2225.25
102126,2226.26
102127,2227.27
102128,2228.28
102129,2229.29
102130,2230.30
102131,2231.31
102132,2232.32
102133,2233.33
102134,2234.34
102135,2235.35
102136,2236.36
102137,2237.37
102138,2238.38
102139,2239.39
102140,2240.40
102141,2241.41
102142,2242.42
102143,2243.43
102144,2244.44
102145,2245.45
102146,2246.46
102147,2247.47
102148,2248.48
102149,2249.49
102150,2250.50
102151,2251.51
102152,2252.52
102153,2253.53
102154,2254.54
102155,2255.55
102156,2256.56
102157,2257.57
102158,2258.58
102159,2259.59
102160,2260.60
102161,2261.61
102162,2262.62
102163,2263.63
102164,2264.64
102165,2265.65
102166,2266.66
102167,2267.67
102168,2268.68
102169,2269.69
102170,2270.70
102171,2271.71
102172,2272.72
102173,2273.73
102174,2274.74
102175,2275.75
102176,2276.76
102177,2277.77
102178,2278.78
102179,2279.79
102180,2280.80
102181,2281.81
102182,2282.82
102183,2283.83
102184,2284.84
102185,2285.85
102186,2286.86
102187,2287.87
102188,2288.88
102189,2289.89
102190,2290.90
102191,2291.91
102192,2292.92
102193,2293.93
102194,2294.94
102195,2295.95
102196,2296.96
102197,2297.97
102198,2298.98
102199,2299.99
102200,2300.00
102201,2301.01
102202,2302.02
102203,2303.03
102204,2304.04
102205,2305.05
102206,2306.06
102207,2307.07
102208,2308.08
102209,2309.09
102210,2310.10
102211,2311.11
102212,2312.12
102213,2313.13
102214,2314.14
102215,2315.15
102216,2316.16
102217,2317.17
102218,2318.18
102219,2319.19
102220,2320.20
102221,2321.21
102222,2322.22
102223,2323.23
102224,2324.24
102225,2325.25
102226,2326.26
102227,2327.27
102228,2328.28
102229,2329.29
102230,2330.30
102231,2331.31
102232,2332.32
102233,2333.33
102234,2334.34
102235,2335.35
102236,2336.36
102237,2337.37
102238,2338.38
102239,2339.39
102240,2340.40
102241,2341.41
102242,2342.42
102243,2343.43
102244,2344.44
102245,2345.45
102246,2346.46
102247,2347.47
102248,2348.48
102249,2349.49
102250,2350.50
102251,2351.51
102252,2352.52
102253,2353.53
102254,2354.54
102255,2355.55
102256,2356.56
102257,2357.57
102258,2358.58
102259,2359.59
102260,2360.60
102261,2361.61
102262,2362.62
102263,2363.63
102264,2364.64
102265,2365.65
102266,2366.66
102267,2367.67
102268,2368.68
102269,2369.69
102270,2370.70
102271,2371.71
102272,2372.72
102273,2373.73
102274,2374.74
102275,2375.75
102276,2376.76
102277,2377.77
102278,2378.78
102279,2379.79
102280,2380.80
102281,2381.81
102282,2382.82
102283,2383.83
102284,2384.84
102285,2385.85
102286,2386.86
102287,2387.87
102288,2388.88
102289,2389.89
102290,2390.90
102291,2391.91
102292,2392.92
102293,2393.93
102294,2394.94
102295,2395.95
102296,2396.96
102297,2397.97
102298,2398.98
102299,2399.99
102300,2400.00
102301,2401.01
102302,2402.02
102303,2403.03
102304,2404.04
102305,2405.05
102306,2406.06
102307,2407.07
102308,2408.08
102309,2409.09
102310,2410.10
102311,2411.11
102312,2412.12
102313,2413.13
102314,2414.14
102315,2415.15
102316,2416.16
102317,2417.17
102318,2418.18
102319,2419.19
102320,2420.20
102321,2421.21
102322,2422.22
102323,2423.23
102324,2424.24
102325,2425.25
102326,2426.26
102327,2427.27
102328,2428.28
102329,2429.29
102330,2430.30
102331,2431.31
102332,2432.32
102333,2433.33
102334,2434.34
102335,2435.35
102336,2436.36
102337,2437.37
102338,2438.38
102339,2439.39
102340,2440.40
102341,2441.41
102342,2442.42
102343,2443.43
102344,2444.44
102345,2445.45
102346,2446.46
102347,2447.47
102348,2448.48
102349,2449.49
102350,2450.50
102351,2451.51
102352,2452.52
102353,2453.53
102354,2454.54
102355,2455.55
102356,2456.56
102357,2457.57
102358,2458.58
102359,2459.59
102360,2460.60
102361,2461.61
102362,2462.62
102363,2463.63
102364,2464.64
102365,2465.65
102366,2466.66
102367,2467.67
102368,2468.68
102369,2469.69
102370,2470.70
102371,2471.71
102372,2472.72
102373,2473.73
102374,2474.74
102375,2475.75
102376,2476.76
102377,2477.77
102378,2478.78
102379,2479.79
102380,2480.80
102381,2481.81
102382,2482.82
102383,2483.83
102384,2484.84
102385,2485.85
102386,2486.86
102387,2487.87
102388,2488.88
102389,2489.89
102390,2490.90
102391,2491.91
102392,2492.92
102393,2493.93
102394,2494.94
102395,2495.95
102396,2496.96
102397,2497.97
102398,2498.98
102399,2499.99
102400,2500.00
102401,2501.01
102402,2502.02
102403,2503.03
102404,2504.04
102405,2505.05
102406,2506.06
102407,2507.07
102408,2508.08
102409,2509.09
102410,2510.10
102411,2511.11
102412,2512.12
102413,2513.13
102414,2514.14
102415,2515.15
102416,2516.16
102417,2517.17
102418,2518.18
102419,2519.19
102420,2520.20
102421,2521.21
102422,2522.22
102423,2523.23
102424,2524.24
102425,2525.25
102426,2526.26
102427,2527.27
102428,2528.28
102429,2529.29
102430,2530.30
102431,2531.31
102432,2532.32
102433,2533.33
102434,2534.34
102435,2535.35
102436,2536.36
102437,2537.37
102438,2538.38
102439,2539.39
102440,2540.40
102441,2541.41
102442,2542.42
102443,2543.43
102444,2544.44
102445,2545.45
102446,2546.46
102447,2547.47
102448,2548.48
102449,2549.49
102450,2550.50
102451,2551.51
102452,2552.52
102453,2553.53
102454,2554.54
102455,2555.55
102456,2556.56
102457,2557.57
102458,2558.58
102459,2559.59
102460,2560.60
102461,2561.61
102462,2562.62
102463,2563.63
102464,2564.64
102465,2565.65
102466,2566.66
102467,2567.67
102468,2568.68
102469,2569.69
102470,2570.70
102471,2571.71
102472,2572.72
102473,2573.73
102474,2574.74
102475,2575.75
102476,2576.76
102477,2577.77
102478,2578.78
102479,2579.79
102480,2580.80
102481,2581.81
102482,2582.82
102483,2583.83
102484,2584.84
102485,2585.85
102486,2586.86
102487,2587.87
102488,2588.88
102489,2589.89
102490,2590.90
102491,2591.91
102492,2592.92
102493,2593.93
102494,2594.94
102495,2595.95
102496,2596.96
102497,2597.97
102498,2598.98
102499,2599.99
102500,2600.00
102501,2601.01
102502,2602.02
102503,2603.03
102504,2604.04
102505,2605.05
102506,2606.06
102507,2607.07
102508,2608.08
102509,2609.09
102510,2610.10
102511,2611.11
102512,2612.12
102513,2613.13
102514,2614.14
102515,2615.15
102516,2616.16
102517,2617.17
102518,2618.18
102519,2619.19
102520,2620.20
102521,2621.21
102522,2622.22
102523,2623.23
102524,2624.24
102525,2625.25
102526,2626.26
102527,2627.27
102528,2628.28
102529,2629.29
102530,2630.30
102531,2631.31
102532,2632.32
102533,2633.33
102534,2634.34
102535,2635.35
102536,2636.36
102537,2637.37
102538,2638.38
102539,2639.39
102540,2640.40
102541,2641.41
102542,2642.42
102543,2643.43
102544,2644.44
102545,2645.45
102546,2646.46
102547,2647.47
102548,2648.48
102549,2649.49
102550,2650.50
102551,2651.51
102552,2652.52
102553,2653.53
102554,2654.54
102555,2655.55
102556,2656.56
102557,2657.57
102558,2658.58
102559,2659.59
102560,2660.60
102561,2661.61
102562,2662.62
102563,2663.63
102564,2664.64
102565,2665.65
102566,2666.66
102567,2667.67
102568,2668.68
102569,2669.69
102570,2670.70
102571,2671.71
102572,2672.72
102573,2673.73
102574,2674.74
102575,2675.75
102576,2676.76
102577,2677.77
102578,2678.78
102579,2679.79
102580,2680.80
102581,2681.81
102582,2682.82
102583,2683.83
102584,2684.84
102585,2685.85
102586,2686.86
102587,2687.87
102588,2688.88
102589,2689.89
102590,2690.90
102591,2691.91
102592,2692.92
102593,2693.93
102594,2694.94
102595,2695.95
102596,2696.96
102597,2697.97
102598,2698.98
102599,2699.99
102600,2700.00
102601,2701.01
102602,2702.02
102603,2703.03
102604,2704.04
102605,2705.05
102606,2706.06
102607,2707.07
102608,2708.08
102609,2709.09
102610,2710.10
102611,2711.11
102612,2712.12
102613,2713.13
102614,2714.14
102615,2715.15
102616,2716.16
102617,2717.17
102618,2718.18
102619,2719.19
102620,2720.20
102621,2721.21
102622,2722.22
102623,2723.23
102624,2724.24
102625,2725.25
102626,2726.26
102627,2727.27
102628,2728.28
102629,2729.29
102630,2730.30
102631,2731.31
102632,2732.32
102633,2733.33
102634,2734.34
102635,2735.35
102636,2736.36
102637,2737.37
102638,2738.38
102639,2739.39
102640,2740.40
102641,2741.41
102642,2742.42
102643,2743.43
102644,2744.44
102645,2745.45
102646,2746.46
102647,2747.47
102648,2748.48
102649,2749.49
102650,2750.50
102651,2751.51
102652,2752.52
102653,2753.53
102654,2754.54
102655,2755.55
102656,2756.56
102657,2757.57
102658,2758.58
102659,2759.59
102660,2760.60
102661,2761.61
102662,2762.62
102663,2763.63
102664,2764.64
102665,2765.65
102666,2766.66
102667,2767.67
102668,2768.68
102669,2769.69
102670,2770.70
102671,2771.71
102672,2772.72
102673,2773.73
102674,2774.74
102675,2775.75
102676,2776.76
102677,2777.77
102678,2778.78
102679,2779.79
102680,2780.80
102681,2781.81
102682,2782.82
102683,2783.83
102684,2784.84
102685,2785.85
102686,2786.86
102687,2787.87
102688,2788.88
102689,2789.89
102690,2790.90
102691,2791.91
102692,2792.92
102693,2793.93
102694,2794.94
102695,2795.95
102696,2796.96
102697,2797.97
102698,2798.98
102699,2799.99
102700,2800.00
102701,2801.01
102702,2802.02
102703,2803.03
102704,2804.04
102705,2805.05
102706,2806.06
102707,2807.07
102708,2808.08
102709,2809.09
102710,2810.10
102711,2811.11
102712,2812.12
102713,2813.13
102714,2814.14
102715,2815.15
102716,2816.16
102717,2817.17
102718,2818.18
102719,2819.19
102720,2820.20
102721,2821.21
102722,2822.22
102723,2823.23
102724,2824.24
102725,2825.25
102726,2826.26
102727,2827.27
102728,2828.28
102729,2829.29
102730,2830.30
102731,2831.31
102732,2832.32
102733,2833.33
102734,2834.34
102735,2835.35
102736,2836.36
102737,2837.37
102738,2838.38
102739,2839.39
102740,2840.40
102741,2841.41
102742,2842.42
102743,2843.43
102744,2844.44
102745,2845.45
102746,2846.46
102747,2847.47
102748,2848.48
102749,2849.49
102750,2850.50
102751,2851.51
102752,2852.52
102753,2853.53
102754,2854.54
102755,2855.55
102756,2856.56
102757,2857.57
102758,2858.58
102759,2859.59
102760,2860.60
102761,2861.61
102762,2862.62
102763,2863.63
102764,2864.64
102765,2865.65
102766,2866.66
102767,2867.67
102768,2868.68
102769,2869.69
102770,2870.70
102771,2871.71
102772,2872.72
102773,2873.73
102774,2874.74
102775,2875.75
102776,2876.76
102777,2877.77
102778,2878.78
102779,2879.79
102780,2880.80
102781,2881.81
102782,2882.82
102783,2883.83
102784,2884.84
102785,2885.85
102786,2886.86
102787,2887.87
102788,2888.88
102789,2889.89
102790,2890.90
102791,2891.91
102792,2892.92
102793,2893.93
102794,2894.94
102795,2895.95
102796,2896.96
102797,2897.97
102798,2898.98
102799,2899.99
102800,2900.00
102801,2901.01
102802,2902.02
102803,2903.03
102804,2904.04
102805,2905.05
102806,2906.06
102807,2907.07
102808,2908.08
102809,2909.09
102810,2910.10
102811,2911.11
102812,2912.12
102813,2913.13
102814,2914.14
102815,2915.15
102816,2916.16
102817,2917.17
102818,2918.18
102819,2919.19
102820,2920.20
102821,2921.21
102822,2922.22
102823,2923.23
102824,2924.24
102825,2925.25
102826,2926.26
102827,2927.27
102828,2928.28
102829,2929.29
102830,2930.30
102831,2931.31
102832,2932.32
102833,2933.33
102834,2934.34
102835,2935.35
102836,2936.36
102837,2937.37
102838,2938.38
102839,2939.39
102840,2940.40
102841,2941.41
102842,2942.42
102843,2943.43
102844,2944.44
102845,2945.45
102846,2946.46
102847,2947.47
102848,2948.48
102849,2949.49
102850,2950.50
102851,2951.51
102852,2952.52
102853,2953.53
102854,2954.54
102855,2955.55
102856,2956.56
102857,2957.57
102858,2958.58
102859,2959.59
102860,2960.60
102861,2961.61
102862,2962.62
102863,2963.63
102864,2964.64
102865,2965.65
102866,2966.66
102867,2967.67
102868,2968.68
102869,2969.69
102870,2970.70
102871,2971.71
102872,2972.72
102873,2973.73
102874,2974.74
102875,2975.75
102876,2976.76
102877,2977.77
102878,2978.78
102879,2979.79
102880,2980.80
102881,2981.81
102882,2982.82
102883,2983.83
102884,2984.84
102885,2985.85
102886,2986.86
102887,2987.87
102888,2988.88
102889,2989.89
102890,2990.90
102891,2991.91
102892,2992.92
102893,2993.93
102894,2994.94
102895,2995.95
102896,2996.96
102897,2997.97
102898,2998.98
102899,2999.99
102900,3000.00
102901,3001.01
102902,3002.02
102903,3003.03
102904,3004.04
102905,3005.05
102906,3006.06
102907,3007.07
102908,3008.08
102909,3009.09
102910,3010.10
102911,3011.11
102912,3012.12
102913,3013.13
102914,3014.14
102915,3015.15
102916,3016.16
102917,3017.17
102918,3018.18
102919,3019.19
102920,3020.20
102921,3021.21
102922,3022.22
102923,3023.23
102924,3024.24
102925,3025.25
102926,3026.26
102927,3027.27
102928,3028.28
102929,3029.29
102930,3030.30
102931,3031.31
102932,3032.32
102933,3033.33
102934,3034.34
102935,3035.35
102936,3036.36
102937,3037.37
102938,3038.38
102939,3039.39
102940,3040.40
102941,3041.41
102942,3042.42
102943,3043.43
102944,3044.44
102945,3045.45
102946,3046.46
102947,3047.47
102948,3048.48
102949,3049.49
102950,3050.50
102951,3051.51
102952,3052.52
102953,3053.53
102954,3054.54
102955,3055.55
102956,3056.56
102957,3057.57
102958,3058.58
102959,3059.59
102960,3060.60
102961,3061.61
102962,3062.62
102963,3063.63
102964,3064.64
102965,3065.65
102966,3066.66
102967,3067.67
102968,3068.68
102969,3069.69
102970,3070.70
102971,3071.71
102972,3072.72
102973,3073.73
102974,3074.74
102975,3075.75
102976,3076.76
102977,3077.77
102978,3078.78
102979,3079.79
102980,3080.80
102981,3081.81
102982,3082.82
102983,3083.83
102984,3084.84
102985,3085.85
102986,3086.86
102987,3087.87
102988,3088.88
102989,3089.89
102990,3090.90
102991,3091.91
102992,3092.92
102993,3093.93
102994,3094.94
102995,3095.95
102996,3096.96
102997,3097.97
102998,3098.98
102999,3099.99
103000,3100.00
103001,3101.01
103002,3102.02
103003,3103.03
103004,3104.04
103005,3105.05
103006,3106.06
103007,3107.07
103008,3108.08
103009,3109.09
103010,3110.10
103011,3111.11
103012,3112.12
103013,3113.13
103014,3114.14
103015,3115.15
103016,3116.16
103017,3117.17
103018,3118.18
103019,3119.19
103020,3120.20
103021,3121.21
103022,3122.22
103023,3123.23
103024,3124.24
103025,3125.25
103026,3126.26
103027,3127.27
103028,3128.28
103029,3129.29
103030,3130.30
103031,3131.31
103032,3132.32
103033,3133.33
103034,3134.34
103035,3135.35
103036,3136.36
103037,3137.37
103038,3138.38
103039,3139.39
103040,3140.40
103041,3141.41
103042,3142.42
103043,3143.43
103044,3144.44
103045,3145.45
103046,3146.46
103047,3147.47
103048,3148.48
103049,3149.49
103050,3150.50
103051,3151.51
103052,3152.52
103053,3153.53
103054,3154.54
103055,3155.55
103056,3156.56
103057,3157.57
103058,3158.58
103059,3159.59
103060,3160.60
103061,3161.61
103062,3162.62
103063,3163.63
103064,3164.64
103065,3165.65
103066,3166.66
103067,3167.67
103068,3168.68
103069,3169.69
103070,3170.70
103071,3171.71
103072,3172.72
103073,3173.73
103074,3174.74
103075,3175.75
103076,3176.76
103077,3177.77
103078,3178.78
103079,3179.79
103080,3180.80
103081,3181.81
103082,3182.82
103083,3183.83
103084,3184.84
103085,3185.85
103086,3186.86
103087,3187.87
103088,3188.88
103089,3189.89
103090,3190.90
103091,3191.91
103092,3192.92
103093,3193.93
103094,3194.94
103095,3195.95
103096,3196.96
103097,3197.97
103098,3198.98
103099,3199.99
103100,3200.00
103101,3201.01
103102,3202.02
103103,3203.03
103104,3204.04
103105,3205.05
103106,3206.06
103107,3207.07
103108,3208.08
103109,3209.09
103110,3210.10
103111,3211.11
103112,3212.12
103113,3213.13
103114,3214.14
103115,3215.15
103116,3216.16
103117,3217.17
103118,3218.18
103119,3219.19
103120,3220.20
103121,3221.21
103122,3222.22
103123,3223.23
103124,3224.24
103125,3225.25
103126,3226.26
103127,3227.27
103128,3228.28
103129,3229.29
103130,3230.30
103131,3231.31
103132,3232.32
103133,3233.33
103134,3234.34
103135,3235.35
103136,3236.36
103137,3237.37
103138,3238.38
103139,3239.39
103140,3240.40
103141,3241.41
103142,3242.42
103143,3243.43
103144,3244.44
103145,3245.45
103146,3246.46
103147,3247.47
103148,3248.48
103149,3249.49
103150,3250.50
103151,3251.51
103152,3252.52
103153,3253.53
103154,3254.54
103155,3255.55
103156,3256.56
103157,3257.57
103158,3258.58
103159,3259.59
103160,3260.60
103161,3261.61
103162,3262.62
103163,3263.63
103164,3264.64
103165,3265.65
103166,3266.66
103167,3267.67
103168,3268.68
103169,3269.69
103170,3270.70
103171,3271.71
103172,3272.72
103173,3273.73
103174,3274.74
103175,3275.75
103176,3276.76
103177,3277.77
103178,3278.78
103179,3279.79
103180,3280.80
103181,3281.81
103182,3282.82
103183,3283.83
103184,3284.84
103185,3285.85
103186,3286.86
103187,3287.87
103188,3288.88
103189,3289.89
103190,3290.90
103191,3291.91
103192,3292.92
103193,3293.93
103194,3294.94
103195,3295.95
103196,3296.96
103197,3297.97
103198,3298.98
103199,3299.99
103200,3300.00
103201,3301.01
103202,3302.02
103203,3303.03
103204,3304.04
103205,3305.05
103206,3306.06
103207,3307.07
103208,3308.08
103209,3309.09
103210,3310.10
103211,3311.11
103212,3312.12
103213,3313.13
103214,3314.14
103215,3315.15
103216,3316.16
103217,3317.17
103218,3318.18
103219,3319.19
103220,3320.20
103221,3321.21
103222,3322.22
103223,3323.23
103224,3324.24
103225,3325.25
103226,3326.26
103227,3327.27
103228,3328.28
103229,3329.29
103230,3330.30
103231,3331.31
103232,3332.32
103233,3333.33
103234,3334.34
103235,3335.35
103236,3336.36
103237,3337.37
103238,3338.38
103239,3339.39
103240,3340.40
103241,3341.41
103242,3342.42
103243,3343.43
103244,3344.44
103245,3345.45
103246,3346.46
103247,3347.47
103248,3348.48
103249,3349.49
103250,3350.50
103251,3351.51
103252,3352.52
103253,3353.53
103254,3354.54
103255,3355.55
103256,3356.56
103257,3357.57
103258,3358.58
103259,3359.59
103260,3360.60
103261,3361.61
103262,3362.62
103263,3363.63
103264,3364.64
103265,3365.65
103266,3366.66
103267,3367.67
103268,3368.68
103269,3369.69
103270,3370.70
103271,3371.71
103272,3372.72
103273,3373.73
103274,3374.74
103275,3375.75
103276,3376.76
103277,3377.77
103278,3378.78
103279,3379.79
103280,3380.80
103281,3381.81
103282,3382.82
103283,3383.83
103284,3384.84
103285,3385.85
103286,3386.86
103287,3387.87
103288,3388.88
103289,3389.89
103290,3390.90
103291,3391.91
103292,3392.92
103293,3393.93
103294,3394.94
103295,3395.95
103296,3396.96
103297,3397.97
103298,3398.98
103299,3399.99
103300,3400.00
103301,3401.01
103302,3402.02
103303,3403.03
103304,3404.04
103305,3405.05
103306,3406.06
103307,3407.07
103308,3408.08
103309,3409.09
103310,3410.10
103311,3411.11
103312,3412.12
103313,3413.13
103314,3414.14
103315,3415.15
103316,3416.16
103317,3417.17
103318,3418.18
103319,3419.19
103320,3420.20
103321,3421.21
103322,3422.22
103323,3423.23
103324,3424.24
103325,3425.25
103326,3426.26
103327,3427.27
103328,3428.28
103329,3429.29
103330,3430.30
103331,3431.31
103332,3432.32
103333,3433.33
103334,3434.34
103335,3435.35
103336,3436.36
103337,3437.37
103338,3438.38
103339,3439.39
103340,3440.40
103341,3441.41
103342,3442.42
103343,3443.43
103344,3444.44
103345,3445.45
103346,3446.46
103347,3447.47
103348,3448.48
103349,3449.49
103350,3450.50
103351,3451.51
103352,3452.52
103353,3453.53
103354,3454.54
103355,3455.55
103356,3456.56
103357,3457.57
103358,3458.58
103359,3459.59
103360,3460.60
103361,3461.61
103362,3462.62
103363,3463.63
103364,3464.64
103365,3465.65
103366,3466.66
103367,3467.67
103368,3468.68
103369,3469.69
103370,3470.70
103371,3471.71
103372,3472.72
103373,3473.73
103374,3474.74
103375,3475.75
103376,3476.76
103377,3477.77
103378,3478.78
103379,3479.79
103380,3480.80
103381,3481.81
103382,3482.82
103383,3483.83
103384,3484.84
103385,3485.85
103386,3486.86
103387,3487.87
103388,3488.88
103389,3489.89
103390,3490.90
103391,3491.91
103392,3492.92
103393,3493.93
103394,3494.94
103395,3495.95
103396,3496.96
103397,3497.97
103398,3498.98
103399,3499.99
103400,3500.00
103401,3501.01
103402,3502.02
103403,3503.03
103404,3504.04
103405,3505.05
103406,3506.06
103407,3507.07
103408,3508.08
103409,3509.09
103410,3510.10
103411,3511.11
103412,3512.12
103413,3513.13
103414,3514.14
103415,3515.15
103416,3516.16
103417,3517.17
103418,3518.18
103419,3519.19
103420,3520.20
103421,3521.21
103422,3522.22
103423,3523.23
103424,3524.24
103425,3525.25
103426,3526.26
103427,3527.27
103428,3528.28
103429,3529.29
103430,3530.30
103431,3531.31
103432,3532.32
103433,3533.33
103434,3534.34
103435,3535.35
103436,3536.36
103437,3537.37
103438,3538.38
103439,3539.39
103440,3540.40
103441,3541.41
103442,3542.42
103443,3543.43
103444,3544.44
103445,3545.45
103446,3546.46
103447,3547.47
103448,3548.48
103449,3549.49
103450,3550.50
103451,3551.51
103452,3552.52
103453,3553.53
103454,3554.54
103455,3555.55
103456,3556.56
103457,3557.57
103458,3558.58
103459,3559.59
103460,3560.60
103461,3561.61
103462,3562.62
103463,3563.63
103464,3564.64
103465,3565.65
103466,3566.66
103467,3567.67
103468,3568.68
103469,3569.69
103470,3570.70
103471,3571.71
103472,3572.72
103473,3573.73
103474,3574.74
103475,3575.75
103476,3576.76
103477,3577.77
103478,3578.78
103479,3579.79
103480,3580.80
103481,3581.81
103482,3582.82
103483,3583.83
103484,3584.84
103485,3585.85
103486,3586.86
103487,3587.87
103488,3588.88
103489,3589.89
103490,3590.90
103491,3591.91
103492,3592.92
103493,3593.93
103494,3594.94
103495,3595.95
103496,3596.96
103497,3597.97
103498,3598.98
103499,3599.99
103500,3600.00
103501,3601.01
103502,3602.02
103503,3603.03
103504,3604.04
103505,3605.05
103506,3606.06
103507,3607.07
103508,3608.08
103509,3609.09
103510,3610.10
103511,3611.11
103512,3612.12
103513,3613.13
103514,3614.14
103515,3615.15
103516,3616.16
103517,3617.17
103518,3618.18
103519,3619.19
103520,3620.20
103521,3621.21
103522,3622.22
103523,3623.23
103524,3624.24
103525,3625.25
103526,3626.26
103527,3627.27
103528,3628.28
103529,3629.29
103530,3630.30
103531,3631.31
103532,3632.32
103533,3633.33
103534,3634.34
103535,3635.35
103536,3636.36
103537,3637.37
103538,3638.38
103539,3639.39
103540,3640.40
103541,3641.41
103542,3642.42
103543,3643.43
103544,3644.44
103545,3645.45
103546,3646.46
103547,3647.47
103548,3648.48
103549,3649.49
103550,3650.50
103551,3651.51
103552,3652.52
103553,3653.53
103554,3654.54
103555,3655.55
103556,3656.56
103557,3657.57
103558,3658.58
103559,3659.59
103560,3660.60
103561,3661.61
103562,3662.62
103563,3663.63
103564,3664.64
103565,3665.65
103566,3666.66
103567,3667.67
103568,3668.68
103569,3669.69
103570,3670.70
103571,3671.71
103572,3672.72
103573,3673.73
103574,3674.74
103575,3675.75
103576,3676.76
103577,3677.77
103578,3678.78
103579,3679.79
103580,3680.80
103581,3681.81
103582,3682.82
103583,3683.83
103584,3684.84
103585,3685.85
103586,3686.86
103587,3687.87
103588,3688.88
103589,3689.89
103590,3690.90
103591,3691.91
103592,3692.92
103593,3693.93
103594,3694.94
103595,3695.95
103596,3696.96
103597,3697.97
103598,3698.98
103599,3699.99
103600,3700.00
103601,3701.01
103602,3702.02
103603,3703.03
103604,3704.04
103605,3705.05
103606,3706.06
103607,3707.07
103608,3708.08
103609,3709.09
103610,3710.10
103611,3711.11
103612,3712.12
103613,3713.13
103614,3714.14
103615,3715.15
103616,3716.16
103617,3717.17
103618,3718.18
103619,3719.19
103620,3720.20
103621,3721.21
103622,3722.22
103623,3723.23
103624,3724.24
103625,3725.25
103626,3726.26
103627,3727.27
103628,3728.28
103629,3729.29
103630,3730.30
103631,3731.31
103632,3732.32
103633,3733.33
103634,3734.34
103635,3735.35
103636,3736.36
103637,3737.37
103638,3738.38
103639,3739.39
103640,3740.40
103641,3741.41
103642,3742.42
103643,3743.43
103644,3744.44
103645,3745.45
103646,3746.46
103647,3747.47
103648,3748.48
103649,3749.49
103650,3750.50
103651,3751.51
103652,3752.52
103653,3753.53
103654,3754.54
103655,3755.55
103656,3756.56
103657,3757.57
103658,3758.58
103659,3759.59
103660,3760.60
103661,3761.61
103662,3762.62
103663,3763.63
103664,3764.64
103665,3765.65
103666,3766.66
103667,3767.67
103668,3768.68
103669,3769.69
103670,3770.70
103671,3771.71
103672,3772.72
103673,3773.73
103674,3774.74
103675,3775.75
103676,3776.76
103677,3777.77
103678,3778.78
103679,3779.79
103680,3780.80
103681,3781.81
103682,3782.82
103683,3783.83
103684,3784.84
103685,3785.85
103686,3786.86
103687,3787.87
103688,3788.88
103689,3789.89
103690,3790.90
103691,3791.91
103692,3792.92
103693,3793.93
103694,3794.94
103695,3795.95
103696,3796.96
103697,3797.97
103698,3798.98
103699,3799.99
103700,3800.00
103701,3801.01
103702,3802.02
103703,3803.03
103704,3804.04
103705,3805.05
103706,3806.06
103707,3807.07
103708,3808.08
103709,3809.09
103710,3810.10
103711,3811.11
103712,3812.12
103713,3813.13
103714,3814.14
103715,3815.15
103716,3816.16
103717,3817.17
103718,3818.18
103719,3819.19
103720,3820.20
103721,3821.21
103722,3822.22
103723,3823.23
103724,3824.24
103725,3825.25
103726,3826.26
103727,3827.27
103728,3828.28
103729,3829.29
103730,3830.30
103731,3831.31
103732,3832.32
103733,3833.33
103734,3834.34
103735,3835.35
103736,3836.36
103737,3837.37
103738,3838.38
103739,3839.39
103740,3840.40
103741,3841.41
103742,3842.42
103743,3843.43
103744,3844.44
103745,3845.45
103746,3846.46
103747,3847.47
103748,3848.48
103749,3849.49
103750,3850.50
103751,3851.51
103752,3852.52
103753,3853.53
103754,3854.54
103755,3855.55
103756,3856.56
103757,3857.57
103758,3858.58
103759,3859.59
103760,3860.60
103761,3861.61
103762,3862.62
103763,3863.63
103764,3864.64
103765,3865.65
103766,3866.66
103767,3867.67
103768,3868.68
103769,3869.69
103770,3870.70
103771,3871.71
103772,3872.72
103773,3873.73
103774,3874.74
103775,3875.75
103776,3876.76
103777,3877.77
103778,3878.78
103779,3879.79
103780,3880.80
103781,3881.81
103782,3882.82
103783,3883.83
103784,3884.84
103785,3885.85
103786,3886.86
103787,3887.87
103788,3888.88
103789,3889.89
103790,3890.90
103791,3891.91
103792,3892.92
103793,3893.93
103794,3894.94
103795,3895.95
103796,3896.96
103797,3897.97
103798,3898.98
103799,3899.99
103800,3900.00
103801,3901.01
103802,3902.02
103803,3903.03
103804,3904.04
103805,3905.05
103806,3906.06
103807,3907.07
103808,3908.08
103809,3909.09
103810,3910.10
103811,3911.11
103812,3912.12
103813,3913.13
103814,3914.14
103815,3915.15
103816,3916.16
103817,3917.17
103818,3918.18
103819,3919.19
103820,3920.20
103821,3921.21
103822,3922.22
103823,3923.23
103824,3924.24
103825,3925.25
103826,3926.26
103827,3927.27
103828,3928.28
103829,3929.29
103830,3930.30
103831,3931.31
103832,3932.32
103833,3933.33
103834,3934.34
103835,3935.35
103836,3936.36
103837,3937.37
103838,3938.38
103839,3939.39
103840,3940.40
103841,3941.41
103842,3942.42
103843,3943.43
103844,3944.44
103845,3945.45
103846,3946.46
103847,3947.47
103848,3948.48
103849,3949.49
103850,3950.50
103851,3951.51
103852,3952.52
103853,3953.53
103854,3954.54
103855,3955.55
103856,3956.56
103857,3957.57
103858,3958.58
103859,3959.59
103860,3960.60
103861,3961.61
103862,3962.62
103863,3963.63
103864,3964.64
103865,3965.65
103866,3966.66
103867,3967.67
103868,3968.68
103869,3969.69
103870,3970.70
103871,3971.71
103872,3972.72
103873,3973.73
103874,3974.74
103875,3975.75
103876,3976.76
103877,3977.77
103878,3978.78
103879,3979.79
103880,3980.80
103881,3981.81
103882,3982.82
103883,3983.83
103884,3984.84
103885,3985.85
103886,3986.86
103887,3987.87
103888,3988.88
103889,3989.89
103890,3990.90
103891,3991.91
103892,3992.92
103893,3993.93
103894,3994.94
103895,3995.95
103896,3996.96
103897,3997.97
103898,3998.98
103899,3999.99
103900,4000.00
103901,4001.01
103902,4002.02
103903,4003.03
103904,4004.04
103905,4005.05
103906,4006.06
103907,4007.07
103908,4008.08
103909,4009.09
103910,4010.10
103911,4011.11
103912,4012.12
103913,4013.13
103914,4014.14
103915,4015.15
103916,4016.16
103917,4017.17
103918,4018.18
103919,4019.19
103920,4020.20
103921,4021.21
103922,4022.22
103923,4023.23
103924,4024.24
103925,4025.25
103926,4026.26
103927,4027.27
103928,4028.28
103929,4029.29
103930,4030.30
103931,4031.31
103932,4032.32
103933,4033.33
103934,4034.34
103935,4035.35
103936,4036.36
103937,4037.37
103938,4038.38
103939,4039.39
103940,4040.40
103941,4041.41
103942,4042.42
103943,4043.43
103944,4044.44
103945,4045.45
103946,4046.46
103947,4047.47
103948,4048.48
103949,4049.49
103950,4050.50
103951,4051.51
103952,4052.52
103953,4053.53
103954,4054.54
103955,4055.55
103956,4056.56
103957,4057.57
103958,4058.58
103959,4059.59
103960,4060.60
103961,4061.61
103962,4062.62
103963,4063.63
103964,4064.64
103965,4065.65
103966,4066.66
103967,4067.67
103968,4068.68
103969,4069.69
103970,4070.70
103971,4071.71
103972,4072.72
103973,4073.73
103974,4074.74
103975,4075.75
103976,4076.76
103977,4077.77
103978,4078.78
103979,4079.79
103980,4080.80
103981,4081.81
103982,4082.82
103983,4083.83
103984,4084.84
103985,4085.85
103986,4086.86
103987,4087.87
103988,4088.88
103989,4089.89
103990,4090.90
103991,4091.91
103992,4092.92
103993,4093.93
103994,4094.94
103995,4095.95
103996,4096.96
103997,4097.97
103998,4098.98
103999,4099.99
104000,4100.00
104001,4101.01
104002,4102.02
104003,4103.03
104004,4104.04
104005,4105.05
104006,4106.06
104007,4107.07
104008,4108.08
104009,4109.09
104010,4110.10
104011,4111.11
104012,4112.12
104013,4113.13
104014,4114.14
104015,4115.15
104016,4116.16
104017,4117.17
104018,4118.18
104019,4119.19
104020,4120.20
104021,4121.21
104022,4122.22
104023,4123.23
104024,4124.24
104025,4125.25
104026,4126.26
104027,4127.27
104028,4128.28
104029,4129.29
104030,4130.30
104031,4131.31
104032,4132.32
104033,4133.33
104034,4134.34
104035,4135.35
104036,4136.36
104037,4137.37
104038,4138.38
104039,4139.39
104040,4140.40
104041,4141.41
104042,4142.42
104043,4143.43
104044,4144.44
104045,4145.45
104046,4146.46
104047,4147.47
104048,4148.48
104049,4149.49
104050,4150.50
104051,4151.51
104052,4152.52
104053,4153.53
104054,4154.54
104055,4155.55
104056,4156.56
104057,4157.57
104058,4158.58
104059,4159.59
104060,4160.60
104061,4161.61
104062,4162.62
104063,4163.63
104064,4164.64
104065,4165.65
104066,4166.66
104067,4167.67
104068,4168.68
104069,4169.69
104070,4170.70
104071,4171.71
104072,4172.72
104073,4173.73
104074,4174.74
104075,4175.75
104076,4176.76
104077,4177.77
104078,4178.78
104079,4179.79
104080,4180.80
104081,4181.81
104082,4182.82
104083,4183.83
104084,4184.84
104085,4185.85
104086,4186.86
104087,4187.87
104088,4188.88
104089,4189.89
104090,4190.90
104091,4191.91
104092,4192.92
104093,4193.93
104094,4194.94
104095,4195.95
104096,4196.96
104097,4197.97
104098,4198.98
104099,4199.99
104100,4200.00
104101,4201.01
104102,4202.02
104103,4203.03
104104,4204.04
104105,4205.05
104106,4206.06
104107,4207.07
104108,4208.08
104109,4209.09
104110,4210.10
104111,4211.11
104112,4212.12
104113,4213.13
104114,4214.14
104115,4215.15
104116,4216.16
104117,4217.17
104118,4218.18
104119,4219.19
104120,4220.20
104121,4221.21
104122,4222.22
104123,4223.23
104124,4224.24
104125,4225.25
104126,4226.26
104127,4227.27
104128,4228.28
104129,4229.29
104130,4230.30
104131,4231.31
104132,4232.32
104133,4233.33
104134,4234.34
104135,4235.35
104136,4236.36
104137,4237.37
104138,4238.38
104139,4239.39
104140,4240.40
104141,4241.41
104142,4242.42
104143,4243.43
104144,4244.44
104145,4245.45
104146,4246.46
104147,4247.47
104148,4248.48
104149,4249.49
104150,4250.50
104151,4251.51
104152,4252.52
104153,4253.53
104154,4254.54
104155,4255.55
104156,4256.56
104157,4257.57
104158,4258.58
104159,4259.59
104160,4260.60
104161,4261.61
104162,4262.62
104163,4263.63
104164,4264.64
104165,4265.65
104166,4266.66
104167,4267.67
104168,4268.68
104169,4269.69
104170,4270.70
104171,4271.71
104172,4272.72
104173,4273.73
104174,4274.74
104175,4275.75
104176,4276.76
104177,4277.77
104178,4278.78
104179,4279.79
104180,4280.80
104181,4281.81
104182,4282.82
104183,4283.83
104184,4284.84
104185,4285.85
104186,4286.86
104187,4287.87
104188,4288.88
104189,4289.89
104190,4290.90
104191,4291.91
104192,4292.92
104193,4293.93
104194,4294.94
104195,4295.95
104196,4296.96
104197,4297.97
104198,4298.98
104199,4299.99
104200,4300.00
104201,4301.01
104202,4302.02
104203,4303.03
104204,4304.04
104205,4305.05
104206,4306.06
104207,4307.07
104208,4308.08
104209,4309.09
104210,4310.10
104211,4311.11
104212,4312.12
104213,4313.13
104214,4314.14
104215,4315.15
104216,4316.16
104217,4317.17
104218,4318.18
104219,4319.19
104220,4320.20
104221,4321.21
104222,4322.22
104223,4323.23
104224,4324.24
104225,4325.25
104226,4326.26
104227,4327.27
104228,4328.28
104229,4329.29
104230,4330.30
104231,4331.31
104232,4332.32
104233,4333.33
104234,4334.34
104235,4335.35
104236,4336.36
104237,4337.37
104238,4338.38
104239,4339.39
104240,4340.40
104241,4341.41
104242,4342.42
104243,4343.43
104244,4344.44
104245,4345.45
104246,4346.46
104247,4347.47
104248,4348.48
104249,4349.49
104250,4350.50
104251,4351.51
104252,4352.52
104253,4353.53
104254,4354.54
104255,4355.55
104256,4356.56
104257,4357.57
104258,4358.58
104259,4359.59
104260,4360.60
104261,4361.61
104262,4362.62
104263,4363.63
104264,4364.64
104265,4365.65
104266,4366.66
104267,4367.67
104268,4368.68
104269,4369.69
104270,4370.70
104271,4371.71
104272,4372.72
104273,4373.73
104274,4374.74
104275,4375.75
104276,4376.76
104277,4377.77
104278,4378.78
104279,4379.79
104280,4380.80
104281,4381.81
104282,4382.82
104283,4383.83
104284,4384.84
104285,4385.85
104286,4386.86
104287,4387.87
104288,4388.88
104289,4389.89
104290,4390.90
104291,4391.91
104292,4392.92
104293,4393.93
104294,4394.94
104295,4395.95
104296,4396.96
104297,4397.97
104298,4398.98
104299,4399.99
104300,4400.00
104301,4401.01
104302,4402.02
104303,4403.03
104304,4404.04
104305,4405.05
104306,4406.06
104307,4407.07
104308,4408.08
104309,4409.09
104310,4410.10
104311,4411.11
104312,4412.12
104313,4413.13
104314,4414.14
104315,4415.15
104316,4416.16
104317,4417.17
104318,4418.18
104319,4419.19
104320,4420.20
104321,4421.21
104322,4422.22
104323,4423.23
104324,4424.24
104325,4425.25
104326,4426.26
104327,4427.27
104328,4428.28
104329,4429.29
104330,4430.30
104331,4431.31
104332,4432.32
104333,4433.33
104334,4434.34
104335,4435.35
104336,4436.36
104337,4437.37
104338,4438.38
104339,4439.39
104340,4440.40
104341,4441.41
104342,4442.42
104343,4443.43
104344,4444.44
104345,4445.45
104346,4446.46
104347,4447.47
104348,4448.48
104349,4449.49
104350,4450.50
104351,4451.51
104352,4452.52
104353,4453.53
104354,4454.54
104355,4455.55
104356,4456.56
104357,4457.57
104358,4458.58
104359,4459.59
104360,4460.60
104361,4461.61
104362,4462.62
104363,4463.63
104364,4464.64
104365,4465.65
104366,4466.66
104367,4467.67
104368,4468.68
104369,4469.69
104370,4470.70
104371,4471.71
104372,4472.72
104373,4473.73
104374,4474.74
104375,4475.75
104376,4476.76
104377,4477.77
104378,4478.78
104379,4479.79
104380,4480.80
104381,4481.81
104382,4482.82
104383,4483.83
104384,4484.84
104385,4485.85
104386,4486.86
104387,4487.87
104388,4488.88
104389,4489.89
104390,4490.90
104391,4491.91
104392,4492.92
104393,4493.93
104394,4494.94
104395,4495.95
104396,4496.96
104397,4497.97
104398,4498.98
104399,4499.99
104400,4500.00
104401,4501.01
104402,4502.02
104403,4503.03
104404,4504.04
104405,4505.05
104406,4506.06
104407,4507.07
104408,4508.08
104409,4509.09
104410,4510.10
104411,4511.11
104412,4512.12
104413,4513.13
104414,4514.14
104415,4515.15
104416,4516.16
104417,4517.17
104418,4518.18
104419,4519.19
104420,4520.20
104421,4521.21
104422,4522.22
104423,4523.23
104424,4524.24
104425,4525.25
104426,4526.26
104427,4527.27
104428,4528.28
104429,4529.29
104430,4530.30
104431,4531.31
104432,4532.32
104433,4533.33
104434,4534.34
104435,4535.35
104436,4536.36
104437,4537.37
104438,4538.38
104439,4539.39
104440,4540.40
104441,4541.41
104442,4542.42
104443,4543.43
104444,4544.44
104445,4545.45
104446,4546.46
104447,4547.47
104448,4548.48
104449,4549.49
104450,4550.50
104451,4551.51
104452,4552.52
104453,4553.53
104454,4554.54
104455,4555.55
104456,4556.56
104457,4557.57
104458,4558.58
104459,4559.59
104460,4560.60
104461,4561.61
104462,4562.62
104463,4563.63
104464,4564.64
104465,4565.65
104466,4566.66
104467,4567.67
104468,4568.68
104469,4569.69
104470,4570.70
104471,4571.71
104472,4572.72
104473,4573.73
104474,4574.74
104475,4575.75
104476,4576.76
104477,4577.77
104478,4578.78
104479,4579.79
104480,4580.80
104481,4581.81
104482,4582.82
104483,4583.83
104484,4584.84
104485,4585.85
104486,4586.86
104487,4587.87
104488,4588.88
104489,4589.89
104490,4590.90
104491,4591.91
104492,4592.92
104493,4593.93
104494,4594.94
104495,4595.95
104496,4596.96
104497,4597.97
104498,4598.98
104499,4599.99
104500,4600.00
104501,4601.01
104502,4602.02
104503,4603.03
104504,4604.04
104505,4605.05
104506,4606.06
104507,4607.07
104508,4608.08
104509,4609.09
104510,4610.10
104511,4611.11
104512,4612.12
104513,4613.13
104514,4614.14
104515,4615.15
104516,4616.16
104517,4617.17
104518,4618.18
104519,4619.19
104520,4620.20
104521,4621.21
104522,4622.22
104523,4623.23
104524,4624.24
104525,4625.25
104526,4626.26
104527,4627.27
104528,4628.28
104529,4629.29
104530,4630.30
104531,4631.31
104532,4632.32
104533,4633.33
104534,4634.34
104535,4635.35
104536,4636.36
104537,4637.37
104538,4638.38
104539,4639.39
104540,4640.40
104541,4641.41
104542,4642.42
104543,4643.43
104544,4644.44
104545,4645.45
104546,4646.46
104547,4647.47
104548,4648.48
104549,4649.49
104550,4650.50
104551,4651.51
104552,4652.52
104553,4653.53
104554,4654.54
104555,4655.55
104556,4656.56
104557,4657.57
104558,4658.58
104559,4659.59
104560,4660.60
104561,4661.61
104562,4662.62
104563,4663.63
104564,4664.64
104565,4665.65
104566,4666.66
104567,4667.67
104568,4668.68
104569,4669.69
104570,4670.70
104571,4671.71
104572,4672.72
104573,4673.73
104574,4674.74
104575,4675.75
104576,4676.76
104577,4677.77
104578,4678.78
104579,4679.79
104580,4680.80
104581,4681.81
104582,4682.82
104583,4683.83
104584,4684.84
104585,4685.85
104586,4686.86
104587,4687.87
104588,4688.88
104589,4689.89
104590,4690.90
104591,4691.91
104592,4692.92
104593,4693.93
104594,4694.94
104595,4695.95
104596,4696.96
104597,4697.97
104598,4698.98
104599,4699.99
104600,4700.00
104601,4701.01
104602,4702.02
104603,4703.03
104604,4704.04
104605,4705.05
104606,4706.06
104607,4707.07
104608,4708.08
104609,4709.09
104610,4710.10
104611,4711.11
104612,4712.12
104613,4713.13
104614,4714.14
104615,4715.15
104616,4716.16
104617,4717.17
104618,4718.18
104619,4719.19
104620,4720.20
104621,4721.21
104622,4722.22
104623,4723.23
104624,4724.24
104625,4725.25
104626,4726.26
104627,4727.27
104628,4728.28
104629,4729.29
104630,4730.30
104631,4731.31
104632,4732.32
104633,4733.33
104634,4734.34
104635,4735.35
104636,4736.36
104637,4737.37
104638,4738.38
104639,4739.39
104640,4740.40
104641,4741.41
104642,4742.42
104643,4743.43
104644,4744.44
104645,4745.45
104646,4746.46
104647,4747.47
104648,4748.48
104649,4749.49
104650,4750.50
104651,4751.51
104652,4752.52
104653,4753.53
104654,4754.54
104655,4755.55
104656,4756.56
104657,4757.57
104658,4758.58
104659,4759.59
104660,4760.60
104661,4761.61
104662,4762.62
104663,4763.63
104664,4764.64
104665,4765.65
104666,4766.66
104667,4767.67
104668,4768.68
104669,4769.69
104670,4770.70
104671,4771.71
104672,4772.72
104673,4773.73
104674,4774.74
104675,4775.75
104676,4776.76
104677,4777.77
104678,4778.78
104679,4779.79
104680,4780.80
104681,4781.81
104682,4782.82
104683,4783.83
104684,4784.84
104685,4785.85
104686,4786.86
104687,4787.87
104688,4788.88
104689,4789.89
104690,4790.90
104691,4791.91
104692,4792.92
104693,4793.93
104694,4794.94
104695,4795.95
104696,4796.96
104697,4797.97
104698,4798.98
104699,4799.99
104700,4800.00
104701,4801.01
104702,4802.02
104703,4803.03
104704,4804.04
104705,4805.05
104706,4806.06
104707,4807.07
104708,4808.08
104709,4809.09
104710,4810.10
104711,4811.11
104712,4812.12
104713,4813.13
104714,4814.14
104715,4815.15
104716,4816.16
104717,4817.17
104718,4818.18
104719,4819.19
104720,4820.20
104721,4821.21
104722,4822.22
104723,4823.23
104724,4824.24
104725,4825.25
104726,4826.26
104727,4827.27
104728,4828.28
104729,4829.29
104730,4830.30
104731,4831.31
104732,4832.32
104733,4833.33
104734,4834.34
104735,4835.35
104736,4836.36
104737,4837.37
104738,4838.38
104739,4839.39
104740,4840.40
104741,4841.41
104742,4842.42
104743,4843.43
104744,4844.44
104745,4845.45
104746,4846.46
104747,4847.47
104748,4848.48
104749,4849.49
104750,4850.50
104751,4851.51
104752,4852.52
104753,4853.53
104754,4854.54
104755,4855.55
104756,4856.56
104757,4857.57
104758,4858.58
104759,4859.59
104760,4860.60
104761,4861.61
104762,4862.62
104763,4863.63
104764,4864.64
104765,4865.65
104766,4866.66
104767,4867.67
104768,4868.68
104769,4869.69
104770,4870.70
104771,4871.71
104772,4872.72
104773,4873.73
104774,4874.74
104775,4875.75
104776,4876.76
104777,4877.77
104778,4878.78
104779,4879.79
104780,4880.80
104781,4881.81
104782,4882.82
104783,4883.83
104784,4884.84
104785,4885.85
104786,4886.86
104787,4887.87
104788,4888.88
104789,4889.89
104790,4890.90
104791,4891.91
104792,4892.92
104793,4893.93
104794,4894.94
104795,4895.95
104796,4896.96
104797,4897.97
104798,4898.98
104799,4899.99
104800,4900.00
104801,4901.01
104802,4902.02
104803,4903.03
104804,4904.04
104805,4905.05
104806,4906.06
104807,4907.07
104808,4908.08
104809,4909.09
104810,4910.10
104811,4911.11
104812,4912.12
104813,4913.13
104814,4914.14
104815,4915.15
104816,4916.16
104817,4917.17
104818,4918.18
104819,4919.19
104820,4920.20
104821,4921.21
104822,4922.22
104823,4923.23
104824,4924.24
104825,4925.25
104826,4926.26
104827,4927.27
104828,4928.28
104829,4929.29
104830,4930.30
104831,4931.31
104832,4932.32
104833,4933.33
104834,4934.34
104835,4935.35
104836,4936.36
104837,4937.37
104838,4938.38
104839,4939.39
104840,4940.40
104841,4941.41
104842,4942.42
104843,4943.43
104844,4944.44
104845,4945.45
104846,4946.46
104847,4947.47
104848,4948.48
104849,4949.49
104850,4950.50
104851,4951.51
104852,4952.52
104853,4953.53
104854,4954.54
104855,4955.55
104856,4956.56
104857,4957.57
104858,4958.58
104859,4959.59
104860,4960.60
104861,4961.61
104862,4962.62
104863,4963.63
104864,4964.64
104865,4965.65
104866,4966.66
104867,4967.67
104868,4968.68
104869,4969.69
104870,4970.70
104871,4971.71
104872,4972.72
104873,4973.73
104874,4974.74
104875,4975.75
104876,4976.76
104877,4977.77
104878,4978.78
104879,4979.79
104880,4980.80
104881,4981.81
104882,4982.82
104883,4983.83
104884,4984.84
104885,4985.85
104886,4986.86
104887,4987.87
104888,4988.88
104889,4989.89
104890,4990.90
104891,4991.91
104892,4992.92
104893,4993.93
104894,4994.94
104895,4995.95
104896,4996.96
104897,4997.97
104898,4998.98
104899,4999.99
104900,5000.00
104901,5001.01
104902,5002.02
104903,5003.03
104904,5004.04
104905,5005.05
104906,5006.06
104907,5007.07
104908,5008.08
104909,5009.09
104910,5010.10
104911,5011.11
104912,5012.12
104913,5013.13
104914,5014.14
104915,5015.15
104916,5016.16
104917,5017.17
104918,5018.18
104919,5019.19
104920,5020.20
104921,5021.21
104922,5022.22
104923,5023.23
104924,5024.24
104925,5025.25
104926,5026.26
104927,5027.27
104928,5028.28
104929,5029.29
104930,5030.30
104931,5031.31
104932,5032.32
104933,5033.33
104934,5034.34
104935,5035.35
104936,5036.36
104937,5037.37
104938,5038.38
104939,5039.39
104940,5040.40
104941,5041.41
104942,5042.42
104943,5043.43
104944,5044.44
104945,5045.45
104946,5046.46
104947,5047.47
104948,5048.48
104949,5049.49
104950,5050.50
104951,5051.51
104952,5052.52
104953,5053.53
104954,5054.54
104955,5055.55
104956,5056.56
104957,5057.57
104958,5058.58
104959,5059.59
104960,5060.60
104961,5061.61
104962,5062.62
104963,5063.63
104964,5064.64
104965,5065.65
104966,5066.66
104967,5067.67
104968,5068.68
104969,5069.69
104970,5070.70
104971,5071.71
104972,5072.72
104973,5073.73
104974,5074.74
104975,5075.75
104976,5076.76
104977,5077.77
104978,5078.78
104979,5079.79
104980,5080.80
104981,5081.81
104982,5082.82
104983,5083.83
104984,5084.84
104985,5085.85
104986,5086.86
104987,5087.87
104988,5088.88
104989,5089.89
104990,5090.90
104991,5091.91
104992,5092.92
104993,5093.93
104994,5094.94
104995,5095.95
104996,5096.96
104997,5097.97
104998,5098.98
104999,5099.99
105000,100.00
105001,101.01
105002,102.02
105003,103.03
105004,104.04
105005,105.05
105006,106.06
105007,107.07
105008,108.08
105009,109.09
105010,110.10
105011,111.11
105012,112.12
105013,113.13
105014,114.14
105015,115.15
105016,116.16
105017,117.17
105018,118.18
105019,119.19
105020,120.20
105021,121.21
105022,122.22
105023,123.23
105024,124.24
105025,125.25
105026,126.26
105027,127.27
105028,128.28
105029,129.29
105030,130.30
105031,131.31
105032,132.32
105033,133.33
105034,134.34
105035,135.35
105036,136.36
105037,137.37
105038,138.38
105039,139.39
105040,140.40
105041,141.41
105042,142.42
105043,143.43
105044,144.44
105045,145.45
105046,146.46
105047,147.47
105048,148.48
105049,149.49
105050,150.50
105051,151.51
105052,152.52
105053,153.53
105054,154.54
105055,155.55
105056,156.56
105057,157.57
105058,158.58
105059,159.59
105060,160.60
105061,161.61
105062,162.62
105063,163.63
105064,164.64
105065,165.65
105066,166.66
105067,167.67
105068,168.68
105069,169.69
105070,170.70
105071,171.71
105072,172.72
105073,173.73
105074,174.74
105075,175.75
105076,176.76
105077,177.77
105078,178.78
105079,179.79
105080,180.80
105081,181.81
105082,182.82
105083,183.83
105084,184.84
105085,185.85
105086,186.86
105087,187.87
105088,188.88
105089,189.89
105090,190.90
105091,191.91
105092,192.92
105093,193.93
105094,194.94
105095,195.95
105096,196.96
105097,197.97
105098,198.98
105099,199.99
105100,200.00
105101,201.01
105102,202.02
105103,203.03
105104,204.04
105105,205.05
105106,206.06
105107,207.07
105108,208.08
105109,209.09
105110,210.10
105111,211.11
105112,212.12
105113,213.13
105114,214.14
105115,215.15
105116,216.16
105117,217.17
105118,218.18
105119,219.19
105120,220.20
105121,221.21
105122,222.22
105123,223.23
105124,224.24
105125,225.25
105126,226.26
105127,227.27
105128,228.28
105129,229.29
105130,230.30
105131,231.31
105132,232.32
105133,233.33
105134,234.34
105135,235.35
105136,236.36
105137,237.37
105138,238.38
105139,239.39
105140,240.40
105141,241.41
105142,242.42
105143,243.43
105144,244.44
105145,245.45
105146,246.46
105147,247.47
105148,248.48
105149,249.49
105150,250.50
105151,251.51
105152,252.52
105153,253.53
105154,254.54
105155,255.55
105156,256.56
105157,257.57
105158,258.58
105159,259.59
105160,260.60
105161,261.61
105162,262.62
105163,263.63
105164,264.64
105165,265.65
105166,266.66
105167,267.67
105168,268.68
105169,269.69
105170,270.70
105171,271.71
105172,272.72
105173,273.73
105174,274.74
105175,275.75
105176,276.76
105177,277.77
105178,278.78
105179,279.79
105180,280.80
105181,281.81
105182,282.82
105183,283.83
105184,284.84
105185,285.85
105186,286.86
105187,287.87
105188,288.88
105189,289.89
105190,290.90
105191,291.91
105192,292.92
105193,293.93
105194,294.94
105195,295.95
105196,296.96
105197,297.97
105198,298.98
105199,299.99
105200,300.00
105201,301.01
105202,302.02
105203,303.03
105204,304.04
105205,305.05
105206,306.06
105207,307.07
105208,308.08
105209,309.09
105210,310.10
105211,311.11
105212,312.12
105213,313.13
105214,314.14
105215,315.15
105216,316.16
105217,317.17
105218,318.18
105219,319.19
105220,320.20
105221,321.21
105222,322.22
105223,323.23
105224,324.24
105225,325.25
105226,326.26
105227,327.27
105228,328.28
105229,329.29
105230,330.30
105231,331.31
105232,332.32
105233,333.33
105234,334.34
105235,335.35
105236,336.36
105237,337.37
105238,338.38
105239,339.39
105240,340.40
105241,341.41
105242,342.42
105243,343.43
105244,344.44
105245,345.45
105246,346.46
105247,347.47
105248,348.48
105249,349.49
105250,350.50
105251,351.51
105252,352.52
105253,353.53
105254,354.54
105255,355.55
105256,356.56
105257,357.57
105258,358.58
105259,359.59
105260,360.60
105261,361.61
105262,362.62
105263,363.63
105264,364.64
105265,365.65
105266,366.66
105267,367.67
105268,368.68
105269,369.69
105270,370.70
105271,371.71
105272,372.72
105273,373.73
105274,374.74
105275,375.75
105276,376.76
105277,377.77
105278,378.78
105279,379.79
105280,380.80
105281,381.81
105282,382.82
105283,383.83
105284,384.84
105285,385.85
105286,386.86
105287,387.87
105288,388.88
105289,389.89
105290,390.90
105291,391.91
105292,392.92
105293,393.93
105294,394.94
105295,395.95
105296,396.96
105297,397.97
105298,398.98
105299,399.99
105300,400.00
105301,401.01
105302,402.02
105303,403.03
105304,404.04
105305,405.05
105306,406.06
105307,407.07
105308,408.08
105309,409.09
105310,410.10
105311,411.11
105312,412.12
105313,413.13
105314,414.14
105315,415.15
105316,416.16
105317,417.17
105318,418.18
105319,419.19
105320,420.20
105321,421.21
105322,422.22
105323,423.23
105324,424.24
105325,425.25
105326,426.26
105327,427.27
105328,428.28
105329,429.29
105330,430.30
105331,431.31
105332,432.32
105333,433.33
105334,434.34
105335,435.35
105336,436.36
105337,437.37
105338,438.38
105339,439.39
105340,440.40
105341,441.41
105342,442.42
105343,443.43
105344,444.44
105345,445.45
105346,446.46
105347,447.47
105348,448.48
105349,449.49
105350,450.50
105351,451.51
105352,452.52
105353,453.53
105354,454.54
105355,455.55
105356,456.56
105357,457.57
105358,458.58
105359,459.59
105360,460.60
105361,461.61
105362,462.62
105363,463.63
105364,464.64
105365,465.65
105366,466.66
105367,467.67
105368,468.68
105369,469.69
105370,470.70
105371,471.71
105372,472.72
105373,473.73
105374,474.74
105375,475.75
105376,476.76
105377,477.77
105378,478.78
105379,479.79
105380,480.80
105381,481.81
105382,482.82
105383,483.83
105384,484.84
105385,485.85
105386,486.86
105387,487.87
105388,488.88
105389,489.89
105390,490.90
105391,491.91
105392,492.92
105393,493.93
105394,494.94
105395,495.95
105396,496.96
105397,497.97
105398,498.98
105399,499.99
105400,500.00
105401,501.01
105402,502.02
105403,503.03
105404,504.04
105405,505.05
105406,506.06
105407,507.07
105408,508.08
105409,509.09
105410,510.10
105411,511.11
105412,512.12
105413,513.13
105414,514.14
105415,515.15
105416,516.16
105417,517.17
105418,518.18
105419,519.19
105420,520.20
105421,521.21
105422,522.22
105423,523.23
105424,524.24
105425,525.25
105426,526.26
105427,527.27
105428,528.28
105429,529.29
105430,530.30
105431,531.31
105432,532.32
105433,533.33
105434,534.34
105435,535.35
105436,536.36
105437,537.37
105438,538.38
105439,539.39
105440,540.40
105441,541.41
105442,542.42
105443,543.43
105444,544.44
105445,545.45
105446,546.46
105447,547.47
105448,548.48
105449,549.49
105450,550.50
105451,551.51
105452,552.52
105453,553.53
105454,554.54
105455,555.55
105456,556.56
105457,557.57
105458,558.58
105459,559.59
105460,560.60
105461,561.61
105462,562.62
105463,563.63
105464,564.64
105465,565.65
105466,566.66
105467,567.67
105468,568.68
105469,569.69
105470,570.70
105471,571.71
105472,572.72
105473,573.73
105474,574.74
105475,575.75
105476,576.76
105477,577.77
105478,578.78
105479,579.79
105480,580.80
105481,581.81
105482,582.82
105483,583.83
105484,584.84
105485,585.85
105486,586.86
105487,587.87
105488,588.88
105489,589.89
105490,590.90
105491,591.91
105492,592.92
105493,593.93
105494,594.94
105495,595.95
105496,596.96
105497,597.97
105498,598.98
105499,599.99
105500,600.00
105501,601.01
105502,602.02
105503,603.03
105504,604.04
105505,605.05
105506,606.06
105507,607.07
105508,608.08
105509,609.09
105510,610.10
105511,611.11
105512,612.12
105513,613.13
105514,614.14
105515,615.15
105516,616.16
105517,617.17
105518,618.18
105519,619.19
105520,620.20
105521,621.21
105522,622.22
105523,623.23
105524,624.24
105525,625.25
105526,626.26
105527,627.27
105528,628.28
105529,629.29
105530,630.30
105531,631.31
105532,632.32
105533,633.33
105534,634.34
105535,635.35
105536,636.36
105537,637.37
105538,638.38
105539,639.39
105540,640.40
105541,641.41
105542,642.42
105543,643.43
105544,644.44
105545,645.45
105546,646.46
105547,647.47
105548,648.48
105549,649.49
105550,650.50
105551,651.51
105552,652.52
105553,653.53
105554,654.54
105555,655.55
105556,656.56
105557,657.57
105558,658.58
105559,659.59
105560,660.60
105561,661.61
105562,662.62
105563,663.63
105564,664.64
105565,665.65
105566,666.66
105567,667.67
105568,668.68
105569,669.69
105570,670.70
105571,671.71
105572,672.72
105573,673.73
105574,674.74
105575,675.75
105576,676.76
105577,677.77
105578,678.78
105579,679.79
105580,680.80
105581,681.81
105582,682.82
105583,683.83
105584,684.84
105585,685.85
105586,686.86
105587,687.87
105588,688.88
105589,689.89
105590,690.90
105591,691.91
105592,692.92
105593,693.93
105594,694.94
105595,695.95
105596,696.96
105597,697.97
105598,698.98
105599,699.99
105600,700.00
105601,701.01
105602,702.02
105603,703.03
105604,704.04
105605,705.05
105606,706.06
105607,707.07
105608,708.08
105609,709.09
105610,710.10
105611,711.11
105612,712.12
105613,713.13
105614,714.14
105615,715.15
105616,716.16
105617,717.17
105618,718.18
105619,719.19
105620,720.20
105621,721.21
105622,722.22
105623,723.23
105624,724.24
105625,725.25
105626,726.26
105627,727.27
105628,728.28
105629,729.29
105630,730.30
105631,731.31
105632,732.32
105633,733.33
105634,734.34
105635,735.35
105636,736.36
105637,737.37
105638,738.38
105639,739.39
105640,740.40
105641,741.41
105642,742.42
105643,743.43
105644,744.44
105645,745.45
105646,746.46
105647,747.47
105648,748.48
105649,749.49
105650,750.50
105651,751.51
105652,752.52
105653,753.53
105654,754.54
105655,755.55
105656,756.56
105657,757.57
105658,758.58
105659,759.59
105660,760.60
105661,761.61
105662,762.62
105663,763.63
105664,764.64
105665,765.65
105666,766.66
105667,767.67
105668,768.68
105669,769.69
105670,770.70
105671,771.71
105672,772.72
105673,773.73
105674,774.74
105675,775.75
105676,776.76
105677,777.77
105678,778.78
105679,779.79
105680,780.80
105681,781.81
105682,782.82
105683,783.83
105684,784.84
105685,785.85
105686,786.86
105687,787.87
105688,788.88
105689,789.89
105690,790.90
105691,791.91
105692,792.92
105693,793.93
105694,794.94
105695,795.95
105696,796.96
105697,797.97
105698,798.98
105699,799.99
105700,800.00
105701,801.01
105702,802.02
105703,803.03
105704,804.04
105705,805.05
105706,806.06
105707,807.07
105708,808.08
105709,809.09
105710,810.10
105711,811.11
105712,812.12
105713,813.13
105714,814.14
105715,815.15
105716,816.16
105717,817.17
105718,818.18
105719,819.19
105720,820.20
105721,821.21
105722,822.22
105723,823.23
105724,824.24
105725,825.25
105726,826.26
105727,827.27
105728,828.28
105729,829.29
105730,830.30
105731,831.31
105732,832.32
105733,833.33
105734,834.34
105735,835.35
105736,836.36
105737,837.37
105738,838.38
105739,839.39
105740,840.40
105741,841.41
105742,842.42
105743,843.43
105744,844.44
105745,845.45
105746,846.46
105747,847.47
105748,848.48
105749,849.49
105750,850.50
105751,851.51
105752,852.52
105753,853.53
105754,854.54
105755,855.55
105756,856.56
105757,857.57
105758,858.58
105759,859.59
105760,860.60
105761,861.61
105762,862.62
105763,863.63
105764,864.64
105765,865.65
105766,866.66
105767,867.67
105768,868.68
105769,869.69
105770,870.70
105771,871.71
105772,872.72
105773,873.73
105774,874.74
105775,875.75
105776,876.76
105777,877.77
105778,878.78
105779,879.79
105780,880.80
105781,881.81
105782,882.82
105783,883.83
105784,884.84
105785,885.85
105786,886.86
105787,887.87
105788,888.88
105789,889.89
105790,890.90
105791,891.91
105792,892.92
105793,893.93
105794,894.94
105795,895.95
105796,896.96
105797,897.97
105798,898.98
105799,899.99
105800,900.00
105801,901.01
105802,902.02
105803,903.03
105804,904.04
105805,905.05
105806,906.06
105807,907.07
105808,908.08
105809,909.09
105810,910.10
105811,911.11
105812,912.12
105813,913.13
105814,914.14
105815,915.15
105816,916.16
105817,917.17
105818,918.18
105819,919.19
105820,920.20
105821,921.21
105822,922.22
105823,923.23
105824,924.24
105825,925.25
105826,926.26
105827,927.27
105828,928.28
105829,929.29
105830,930.30
105831,931.31
105832,932.32
105833,933.33
105834,934.34
105835,935.35
105836,936.36
105837,937.37
105838,938.38
105839,939.39
105840,940.40
105841,941.41
105842,942.42
105843,943.43
105844,944.44
105845,945.45
105846,946.46
105847,947.47
105848,948.48
105849,949.49
105850,950.50
105851,951.51
105852,952.52
105853,953.53
105854,954.54
105855,955.55
105856,956.56
105857,957.57
105858,958.58
105859,959.59
105860,960.60
105861,961.61
105862,962.62
105863,963.63
105864,964.64
105865,965.65
105866,966.66
105867,967.67
105868,968.68
105869,969.69
105870,970.70
105871,971.71
105872,972.72
105873,973.73
105874,974.74
105875,975.75
105876,976.76
105877,977.77
105878,978.78
105879,979.79
105880,980.80
105881,981.81
105882,982.82
105883,983.83
105884,984.84
105885,985.85
105886,986.86
105887,987.87
105888,988.88
105889,989.89
105890,990.90
105891,991.91
105892,992.92
105893,993.93
105894,994.94
105895,995.95
105896,996.96
105897,997.97
105898,998.98
105899,999.99
105900,1000.00
105901,1001.01
105902,1002.02
105903,1003.03
105904,1004.04
105905,1005.05
105906,1006.06
105907,1007.07
105908,1008.08
105909,1009.09
105910,1010.10
105911,1011.11
105912,1012.12
105913,1013.13
105914,1014.14
105915,1015.15
105916,1016.16
105917,1017.17
105918,1018.18
105919,1019.19
105920,1020.20
105921,1021.21
105922,1022.22
105923,1023.23
105924,1024.24
105925,1025.25
105926,1026.26
105927,1027.27
105928,1028.28
105929,1029.29
105930,1030.30
105931,1031.31
105932,1032.32
105933,1033.33
105934,1034.34
105935,1035.35
105936,1036.36
105937,1037.37
105938,1038.38
105939,1039.39
105940,1040.40
105941,1041.41
105942,1042.42
105943,1043.43
105944,1044.44
105945,1045.45
105946,1046.46
105947,1047.47
105948,1048.48
105949,1049.49
105950,1050.50
105951,1051.51
105952,1052.52
105953,1053.53
105954,1054.54
105955,1055.55
105956,1056.56
105957,1057.57
105958,1058.58
105959,1059.59
105960,1060.60
105961,1061.61
105962,1062.62
105963,1063.63
105964,1064.64
105965,1065.65
105966,1066.66
105967,1067.67
105968,1068.68
105969,1069.69
105970,1070.70
105971,1071.71
105972,1072.72
105973,1073.73
105974,1074.74
105975,1075.75
105976,1076.76
105977,1077.77
105978,1078.78
105979,1079.79
105980,1080.80
105981,1081.81
105982,1082.82
105983,1083.83
105984,1084.84
105985,1085.85
105986,1086.86
105987,1087.87
105988,1088.88
105989,1089.89
105990,1090.90
105991,1091.91
105992,1092.92
105993,1093.93
105994,1094.94
105995,1095.95
105996,1096.96
105997,1097.97
105998,1098.98
105999,1099.99
106000,1100.00
106001,1101.01
106002,1102.02
106003,1103.03
106004,1104.04
106005,1105.05
106006,1106.06
106007,1107.07
106008,1108.08
106009,1109.09
106010,1110.10
106011,1111.11
106012,1112.12
106013,1113.13
106014,1114.14
106015,1115.15
106016,1116.16
106017,1117.17
106018,1118.18
106019,1119.19
106020,1120.20
106021,1121.21
106022,1122.22
106023,1123.23
106024,1124.24
106025,1125.25
106026,1126.26
106027,1127.27
106028,1128.28
106029,1129.29
106030,1130.30
106031,1131.31
106032,1132.32
106033,1133.33
106034,1134.34
106035,1135.35
106036,1136.36
106037,1137.37
106038,1138.38
106039,1139.39
106040,1140.40
106041,1141.41
106042,1142.42
106043,1143.43
106044,1144.44
106045,1145.45
106046,1146.46
106047,1147.47
106048,1148.48
106049,1149.49
106050,1150.50
106051,1151.51
106052,1152.52
106053,1153.53
106054,1154.54
106055,1155.55
106056,1156.56
106057,1157.57
106058,1158.58
106059,1159.59
106060,1160.60
106061,1161.61
106062,1162.62
106063,1163.63
106064,1164.64
106065,1165.65
106066,1166.66
106067,1167.67
106068,1168.68
106069,1169.69
106070,1170.70
106071,1171.71
106072,1172.72
106073,1173.73
106074,1174.74
106075,1175.75
106076,1176.76
106077,1177.77
106078,1178.78
106079,1179.79
106080,1180.80
106081,1181.81
106082,1182.82
106083,1183.83
106084,1184.84
106085,1185.85
106086,1186.86
106087,1187.87
106088,1188.88
106089,1189.89
106090,1190.90
106091,1191.91
106092,1192.92
106093,1193.93
106094,1194.94
106095,1195.95
106096,1196.96
106097,1197.97
106098,1198.98
106099,1199.99
106100,1200.00
106101,1201.01
106102,1202.02
106103,1203.03
106104,1204.04
106105,1205.05
106106,1206.06
106107,1207.07
106108,1208.08
106109,1209.09
106110,1210.10
106111,1211.11
106112,1212.12
106113,1213.13
106114,1214.14
106115,1215.15
106116,1216.16
106117,1217.17
106118,1218.18
106119,1219.19
106120,1220.20
106121,1221.21
106122,1222.22
106123,1223.23
106124,1224.24
106125,1225.25
106126,1226.26
106127,1227.27
106128,1228.28
106129,1229.29
106130,1230.30
106131,1231.31
106132,1232.32
106133,1233.33
106134,1234.34
106135,1235.35
106136,1236.36
106137,1237.37
106138,1238.38
106139,1239.39
106140,1240.40
106141,1241.41
106142,1242.42
106143,1243.43
106144,1244.44
106145,1245.45
106146,1246.46
106147,1247.47
106148,1248.48
106149,1249.49
106150,1250.50
106151,1251.51
106152,1252.52
106153,1253.53
106154,1254.54
106155,1255.55
106156,1256.56
106157,1257.57
106158,1258.58
106159,1259.59
106160,1260.60
106161,1261.61
106162,1262.62
106163,1263.63
106164,1264.64
106165,1265.65
106166,1266.66
106167,1267.67
106168,1268.68
106169,1269.69
106170,1270.70
106171,1271.71
106172,1272.72
106173,1273.73
106174,1274.74
106175,1275.75
106176,1276.76
106177,1277.77
106178,1278.78
106179,1279.79
106180,1280.80
106181,1281.81
106182,1282.82
106183,1283.83
106184,1284.84
106185,1285.85
106186,1286.86
106187,1287.87
106188,1288.88
106189,1289.89
106190,1290.90
106191,1291.91
106192,1292.92
106193,1293.93
106194,1294.94
106195,1295.95
106196,1296.96
106197,1297.97
106198,1298.98
106199,1299.99
106200,1300.00
106201,1301.01
106202,1302.02
106203,1303.03
106204,1304.04
106205,1305.05
106206,1306.06
106207,1307.07
106208,1308.08
106209,1309.09
106210,1310.10
106211,1311.11
106212,1312.12
106213,1313.13
106214,1314.14
106215,1315.15
106216,1316.16
106217,1317.17
106218,1318.18
106219,1319.19
106220,1320.20
106221,1321.21
106222,1322.22
106223,1323.23
106224,1324.24
106225,1325.25
106226,1326.26
106227,1327.27
106228,1328.28
106229,1329.29
106230,1330.30
106231,1331.31
106232,1332.32
106233,1333.33
106234,1334.34
106235,1335.35
106236,1336.36
106237,1337.37
106238,1338.38
106239,1339.39
106240,1340.40
106241,1341.41
106242,1342.42
106243,1343.43
106244,1344.44
106245,1345.45
106246,1346.46
106247,1347.47
106248,1348.48
106249,1349.49
106250,1350.50
106251,1351.51
106252,1352.52
106253,1353.53
106254,1354.54
106255,1355.55
106256,1356.56
106257,1357.57
106258,1358.58
106259,1359.59
106260,1360.60
106261,1361.61
106262,1362.62
106263,1363.63
106264,1364.64
106265,1365.65
106266,1366.66
106267,1367.67
106268,1368.68
106269,1369.69
106270,1370.70
106271,1371.71
106272,1372.72
106273,1373.73
106274,1374.74
106275,1375.75
106276,1376.76
106277,1377.77
106278,1378.78
106279,1379.79
106280,1380.80
106281,1381.81
106282,1382.82
106283,1383.83
106284,1384.84
106285,1385.85
106286,1386.86
106287,1387.87
106288,1388.88
106289,1389.89
106290,1390.90
106291,1391.91
106292,1392.92
106293,1393.93
106294,1394.94
106295,1395.95
106296,1396.96
106297,1397.97
106298,1398.98
106299,1399.99
106300,1400.00
106301,1401.01
106302,1402.02
106303,1403.03
106304,1404.04
106305,1405.05
106306,1406.06
106307,1407.07
106308,1408.08
106309,1409.09
106310,1410.10
106311,1411.11
106312,1412.12
106313,1413.13
106314,1414.14
106315,1415.15
106316,1416.16
106317,1417.17
106318,1418.18
106319,1419.19
106320,1420.20
106321,1421.21
106322,1422.22
106323,1423.23
106324,1424.24
106325,1425.25
106326,1426.26
106327,1427.27
106328,1428.28
106329,1429.29
106330,1430.30
106331,1431.31
106332,1432.32
106333,1433.33
106334,1434.34
106335,1435.35
106336,1436.36
106337,1437.37
106338,1438.38
106339,1439.39
106340,1440.40
106341,1441.41
106342,1442.42
106343,1443.43
106344,1444.44
106345,1445.45
106346,1446.46
106347,1447.47
106348,1448.48
106349,1449.49
106350,1450.50
106351,1451.51
106352,1452.52
106353,1453.53
106354,1454.54
106355,1455.55
106356,1456.56
106357,1457.57
106358,1458.58
106359,1459.59
106360,1460.60
106361,1461.61
106362,1462.62
106363,1463.63
106364,1464.64
106365,1465.65
106366,1466.66
106367,1467.67
106368,1468.68
106369,1469.69
106370,1470.70
106371,1471.71
106372,1472.72
106373,1473.73
106374,1474.74
106375,1475.75
106376,1476.76
106377,1477.77
106378,1478.78
106379,1479.79
106380,1480.80
106381,1481.81
106382,1482.82
106383,1483.83
106384,1484.84
106385,1485.85
106386,1486.86
106387,1487.87
106388,1488.88
106389,1489.89
106390,1490.90
106391,1491.91
106392,1492.92
106393,1493.93
106394,1494.94
106395,1495.95
106396,1496.96
106397,1497.97
106398,1498.98
106399,1499.99
106400,1500.00
106401,1501.01
106402,1502.02
106403,1503.03
106404,1504.04
106405,1505.05
106406,1506.06
106407,1507.07
106408,1508.08
106409,1509.09
106410,1510.10
106411,1511.11
106412,1512.12
106413,1513.13
106414,1514.14
106415,1515.15
106416,1516.16
106417,1517.17
106418,1518.18
106419,1519.19
106420,1520.20
106421,1521.21
106422,1522.22
106423,1523.23
106424,1524.24
106425,1525.25
106426,1526.26
106427,1527.27
106428,1528.28
106429,1529.29
106430,1530.30
106431,1531.31
106432,1532.32
106433,1533.33
106434,1534.34
106435,1535.35
106436,1536.36
106437,1537.37
106438,1538.38
106439,1539.39
106440,1540.40
106441,1541.41
106442,1542.42
106443,1543.43
106444,1544.44
106445,1545.45
106446,1546.46
106447,1547.47
106448,1548.48
106449,1549.49
106450,1550.50
106451,1551.51
106452,1552.52
106453,1553.53
106454,1554.54
106455,1555.55
106456,1556.56
106457,1557.57
106458,1558.58
106459,1559.59
106460,1560.60
106461,1561.61
106462,1562.62
106463,1563.63
106464,1564.64
106465,1565.65
106466,1566.66
106467,1567.67
106468,1568.68
106469,1569.69
106470,1570.70
106471,1571.71
106472,1572.72
106473,1573.73
106474,1574.74
106475,1575.75
106476,1576.76
106477,1577.77
106478,1578.78
106479,1579.79
106480,1580.80
106481,1581.81
106482,1582.82
106483,1583.83
106484,1584.84
106485,1585.85
106486,1586.86
106487,1587.87
106488,1588.88
106489,1589.89
106490,1590.90
106491,1591.91
106492,1592.92
106493,1593.93
106494,1594.94
106495,1595.95
106496,1596.96
106497,1597.97
106498,1598.98
106499,1599.99
106500,1600.00
106501,1601.01
106502,1602.02
106503,1603.03
106504,1604.04
106505,1605.05
106506,1606.06
106507,1607.07
106508,1608.08
106509,1609.09
106510,1610.10
106511,1611.11
106512,1612.12
106513,1613.13
106514,1614.14
106515,1615.15
106516,1616.16
106517,1617.17
106518,1618.18
106519,1619.19
106520,1620.20
106521,1621.21
106522,1622.22
106523,1623.23
106524,1624.24
106525,1625.25
106526,1626.26
106527,1627.27
106528,1628.28
106529,1629.29
106530,1630.30
106531,1631.31
106532,1632.32
106533,1633.33
106534,1634.34
106535,1635.35
106536,1636.36
106537,1637.37
106538,1638.38
106539,1639.39
106540,1640.40
106541,1641.41
106542,1642.42
106543,1643.43
106544,1644.44
106545,1645.45
106546,1646.46
106547,1647.47
106548,1648.48
106549,1649.49
106550,1650.50
106551,1651.51
106552,1652.52
106553,1653.53
106554,1654.54
106555,1655.55
106556,1656.56
106557,1657.57
106558,1658.58
106559,1659.59
106560,1660.60
106561,1661.61
106562,1662.62
106563,1663.63
106564,1664.64
106565,1665.65
106566,1666.66
106567,1667.67
106568,1668.68
106569,1669.69
106570,1670.70
106571,1671.71
106572,1672.72
106573,1673.73
106574,1674.74
106575,1675.75
106576,1676.76
106577,1677.77
106578,1678.78
106579,1679.79
106580,1680.80
106581,1681.81
106582,1682.82
106583,1683.83
106584,1684.84
106585,1685.85
106586,1686.86
106587,1687.87
106588,1688.88
106589,1689.89
106590,1690.90
106591,1691.91
106592,1692.92
106593,1693.93
106594,1694.94
106595,1695.95
106596,1696.96
106597,1697.97
106598,1698.98
106599,1699.99
106600,1700.00
106601,1701.01
106602,1702.02
106603,1703.03
106604,1704.04
106605,1705.05
106606,1706.06
106607,1707.07
106608,1708.08
106609,1709.09
106610,1710.10
106611,1711.11
106612,1712.12
106613,1713.13
106614,1714.14
106615,1715.15
106616,1716.16
106617,1717.17
106618,1718.18
106619,1719.19
106620,1720.20
106621,1721.21
106622,1722.22
106623,1723.23
106624,1724.24
106625,1725.25
106626,1726.26
106627,1727.27
106628,1728.28
106629,1729.29
106630,1730.30
106631,1731.31
106632,1732.32
106633,1733.33
106634,1734.34
106635,1735.35
106636,1736.36
106637,1737.37
106638,1738.38
106639,1739.39
106640,1740.40
106641,1741.41
106642,1742.42
106643,1743.43
106644,1744.44
106645,1745.45
106646,1746.46
106647,1747.47
106648,1748.48
106649,1749.49
106650,1750.50
106651,1751.51
106652,1752.52
106653,1753.53
106654,1754.54
106655,1755.55
106656,1756.56
106657,1757.57
106658,1758.58
106659,1759.59
106660,1760.60
106661,1761.61
106662,1762.62
106663,1763.63
106664,1764.64
106665,1765.65
106666,1766.66
106667,1767.67
106668,1768.68
106669,1769.69
106670,1770.70
106671,1771.71
106672,1772.72
106673,1773.73
106674,1774.74
106675,1775.75
106676,1776.76
106677,1777.77
106678,1778.78
106679,1779.79
106680,1780.80
106681,1781.81
106682,1782.82
106683,1783.83
106684,1784.84
106685,1785.85
106686,1786.86
106687,1787.87
106688,1788.88
106689,1789.89
106690,1790.90
106691,1791.91
106692,1792.92
106693,1793.93
106694,1794.94
106695,1795.95
106696,1796.96
106697,1797.97
106698,1798.98
106699,1799.99
106700,1800.00
106701,1801.01
106702,1802.02
106703,1803.03
106704,1804.04
106705,1805.05
106706,1806.06
106707,1807.07
106708,1808.08
106709,1809.09
106710,1810.10
106711,1811.11
106712,1812.12
106713,1813.13
106714,1814.14
106715,1815.15
106716,1816.16
106717,1817.17
106718,1818.18
106719,1819.19
106720,1820.20
106721,1821.21
106722,1822.22
106723,1823.23
106724,1824.24
106725,1825.25
106726,1826.26
106727,1827.27
106728,1828.28
106729,1829.29
106730,1830.30
106731,1831.31
106732,1832.32
106733,1833.33
106734,1834.34
106735,1835.35
106736,1836.36
106737,1837.37
106738,1838.38
106739,1839.39
106740,1840.40
106741,1841.41
106742,1842.42
106743,1843.43
106744,1844.44
106745,1845.45
106746,1846.46
106747,1847.47
106748,1848.48
106749,1849.49
106750,1850.50
106751,1851.51
106752,1852.52
106753,1853.53
106754,1854.54
106755,1855.55
106756,1856.56
106757,1857.57
106758,1858.58
106759,1859.59
106760,1860.60
106761,1861.61
106762,1862.62
106763,1863.63
106764,1864.64
106765,1865.65
106766,1866.66
106767,1867.67
106768,1868.68
106769,1869.69
106770,1870.70
106771,1871.71
106772,1872.72
106773,1873.73
106774,1874.74
106775,1875.75
106776,1876.76
106777,1877.77
106778,1878.78
106779,1879.79
106780,1880.80
106781,1881.81
106782,1882.82
106783,1883.83
106784,1884.84
106785,1885.85
106786,1886.86
106787,1887.87
106788,1888.88
106789,1889.89
106790,1890.90
106791,1891.91
106792,1892.92
106793,1893.93
106794,1894.94
106795,1895.95
106796,1896.96
106797,1897.97
106798,1898.98
106799,1899.99
106800,1900.00
106801,1901.01
106802,1902.02
106803,1903.03
106804,1904.04
106805,1905.05
106806,1906.06
106807,1907.07
106808,1908.08
106809,1909.09
106810,1910.10
106811,1911.11
106812,1912.12
106813,1913.13
106814,1914.14
106815,1915.15
106816,1916.16
106817,1917.17
106818,1918.18
106819,1919.19
106820,1920.20
106821,1921.21
106822,1922.22
106823,1923.23
106824,1924.24
106825,1925.25
106826,1926.26
106827,1927.27
106828,1928.28
106829,1929.29
106830,1930.30
106831,1931.31
106832,1932.32
106833,1933.33
106834,1934.34
106835,1935.35
106836,1936.36
106837,1937.37
106838,1938.38
106839,1939.39
106840,1940.40
106841,1941.41
106842,1942.42
106843,1943.43
106844,1944.44
106845,1945.45
106846,1946.46
106847,1947.47
106848,1948.48
106849,1949.49
106850,1950.50
106851,1951.51
106852,1952.52
106853,1953.53
106854,1954.54
106855,1955.55
106856,1956.56
106857,1957.57
106858,1958.58
106859,1959.59
106860,1960.60
106861,1961.61
106862,1962.62
106863,1963.63
106864,1964.64
106865,1965.65
106866,1966.66
106867,1967.67
106868,1968.68
106869,1969.69
106870,1970.70
106871,1971.71
106872,1972.72
106873,1973.73
106874,1974.74
106875,1975.75
106876,1976.76
106877,1977.77
106878,1978.78
106879,1979.79
106880,1980.80
106881,1981.81
106882,1982.82
106883,1983.83
106884,1984.84
106885,1985.85
106886,1986.86
106887,1987.87
106888,1988.88
106889,1989.89
106890,1990.90
106891,1991.91
106892,1992.92
106893,1993.93
106894,1994.94
106895,1995.95
106896,1996.96
106897,1997.97
106898,1998.98
106899,1999.99
106900,2000.00
106901,2001.01
106902,2002.02
106903,2003.03
106904,2004.04
106905,2005.05
106906,2006.06
106907,2007.07
106908,2008.08
106909,2009.09
106910,2010.10
106911,2011.11
106912,2012.12
106913,2013.13
106914,2014.14
106915,2015.15
106916,2016.16
106917,2017.17
106918,2018.18
106919,2019.19
106920,2020.20
106921,2021.21
106922,2022.22
106923,2023.23
106924,2024.24
106925,2025.25
106926,2026.26
106927,2027.27
106928,2028.28
106929,2029.29
106930,2030.30
106931,2031.31
106932,2032.32
106933,2033.33
106934,2034.34
106935,2035.35
106936,2036.36
106937,2037.37
106938,2038.38
106939,2039.39
106940,2040.40
106941,2041.41
106942,2042.42
106943,2043.43
106944,2044.44
106945,2045.45
106946,2046.46
106947,2047.47
106948,2048.48
106949,2049.49
106950,2050.50
106951,2051.51
106952,2052.52
106953,2053.53
106954,2054.54
106955,2055.55
106956,2056.56
106957,2057.57
106958,2058.58
106959,2059.59
106960,2060.60
106961,2061.61
106962,2062.62
106963,2063.63
106964,2064.64
106965,2065.65
106966,2066.66
106967,2067.67
106968,2068.68
106969,2069.69
106970,2070.70
106971,2071.71
106972,2072.72
106973,2073.73
106974,2074.74
106975,2075.75
106976,2076.76
106977,2077.77
106978,2078.78
106979,2079.79
106980,2080.80
106981,2081.81
106982,2082.82
106983,2083.83
106984,2084.84
106985,2085.85
106986,2086.86
106987,2087.87
106988,2088.88
106989,2089.89
106990,2090.90
106991,2091.91
106992,2092.92
106993,2093.93
106994,2094.94
106995,2095.95
106996,2096.96
106997,2097.97
106998,2098.98
106999,2099.99
107000,2100.00
107001,2101.01
107002,2102.02
107003,2103.03
107004,2104.04
107005,2105.05
107006,2106.06
107007,2107.07
107008,2108.08
107009,2109.09
107010,2110.10
107011,2111.11
107012,2112.12
107013,2113.13
107014,2114.14
107015,2115.15
107016,2116.16
107017,2117.17
107018,2118.18
107019,2119.19
107020,2120.20
107021,2121.21
107022,2122.22
107023,2123.23
107024,2124.24
107025,2125.25
107026,2126.26
107027,2127.27
107028,2128.28
107029,2129.29
107030,2130.30
107031,2131.31
107032,2132.32
107033,2133.33
107034,2134.34
107035,2135.35
107036,2136.36
107037,2137.37
107038,2138.38
107039,2139.39
107040,2140.40
107041,2141.41
107042,2142.42
107043,2143.43
107044,2144.44
107045,2145.45
107046,2146.46
107047,2147.47
107048,2148.48
107049,2149.49
107050,2150.50
107051,2151.51
107052,2152.52
107053,2153.53
107054,2154.54
107055,2155.55
107056,2156.56
107057,2157.57
107058,2158.58
107059,2159.59
107060,2160.60
107061,2161.61
107062,2162.62
107063,2163.63
107064,2164.64
107065,2165.65
107066,2166.66
107067,2167.67
107068,2168.68
107069,2169.69
107070,2170.70
107071,2171.71
107072,2172.72
107073,2173.73
107074,2174.74
107075,2175.75
107076,2176.76
107077,2177.77
107078,2178.78
107079,2179.79
107080,2180.80
107081,2181.81
107082,2182.82
107083,2183.83
107084,2184.84
107085,2185.85
107086,2186.86
107087,2187.87
107088,2188.88
107089,2189.89
107090,2190.90
107091,2191.91
107092,2192.92
107093,2193.93
107094,2194.94
107095,2195.95
107096,2196.96
107097,2197.97
107098,2198.98
107099,2199.99
107100,2200.00
107101,2201.01
107102,2202.02
107103,2203.03
107104,2204.04
107105,2205.05
107106,2206.06
107107,2207.07
107108,2208.08
107109,2209.09
107110,2210.10
107111,2211.11
107112,2212.12
107113,2213.13
107114,2214.14
107115,2215.15
107116,2216.16
107117,2217.17
107118,2218.18
107119,2219.19
107120,2220.20
107121,2221.21
107122,2222.22
107123,2223.23
107124,2224.24
107125,2225.25
107126,2226.26
107127,2227.27
107128,2228.28
107129,2229.29
107130,2230.30
107131,2231.31
107132,2232.32
107133,2233.33
107134,2234.34
107135,2235.35
107136,2236.36
107137,2237.37
107138,2238.38
107139,2239.39
107140,2240.40
107141,2241.41
107142,2242.42
107143,2243.43
107144,2244.44
107145,2245.45
107146,2246.46
107147,2247.47
107148,2248.48
107149,2249.49
107150,2250.50
107151,2251.51
107152,2252.52
107153,2253.53
107154,2254.54
107155,2255.55
107156,2256.56
107157,2257.57
107158,2258.58
107159,2259.59
107160,2260.60
107161,2261.61
107162,2262.62
107163,2263.63
107164,2264.64
107165,2265.65
107166,2266.66
107167,2267.67
107168,2268.68
107169,2269.69
107170,2270.70
107171,2271.71
107172,2272.72
107173,2273.73
107174,2274.74
107175,2275.75
107176,2276.76
107177,2277.77
107178,2278.78
107179,2279.79
107180,2280.80
107181,2281.81
107182,2282.82
107183,2283.83
107184,2284.84
107185,2285.85
107186,2286.86
107187,2287.87
107188,2288.88
107189,2289.89
107190,2290.90
107191,2291.91
107192,2292.92
107193,2293.93
107194,2294.94
107195,2295.95
107196,2296.96
107197,2297.97
107198,2298.98
107199,2299.99
107200,2300.00
107201,2301.01
107202,2302.02
107203,2303.03
107204,2304.04
107205,2305.05
107206,2306.06
107207,2307.07
107208,2308.08
107209,2309.09
107210,2310.10
107211,2311.11
107212,2312.12
107213,2313.13
107214,2314.14
107215,2315.15
107216,2316.16
107217,2317.17
107218,2318.18
107219,2319.19
107220,2320.20
107221,2321.21
107222,2322.22
107223,2323.23
107224,2324.24
107225,2325.25
107226,2326.26
107227,2327.27
107228,2328.28
107229,2329.29
107230,2330.30
107231,2331.31
107232,2332.32
107233,2333.33
107234,2334.34
107235,2335.35
107236,2336.36
107237,2337.37
107238,2338.38
107239,2339.39
107240,2340.40
107241,2341.41
107242,2342.42
107243,2343.43
107244,2344.44
107245,2345.45
107246,2346.46
107247,2347.47
107248,2348.48
107249,2349.49
107250,2350.50
107251,2351.51
107252,2352.52
107253,2353.53
107254,2354.54
107255,2355.55
107256,2356.56
107257,2357.57
107258,2358.58
107259,2359.59
107260,2360.60
107261,2361.61
107262,2362.62
107263,2363.63
107264,2364.64
107265,2365.65
107266,2366.66
107267,2367.67
107268,2368.68
107269,2369.69
107270,2370.70
107271,2371.71
107272,2372.72
107273,2373.73
107274,2374.74
107275,2375.75
107276,2376.76
107277,2377.77
107278,2378.78
107279,2379.79
107280,2380.80
107281,2381.81
107282,2382.82
107283,2383.83
107284,2384.84
107285,2385.85
107286,2386.86
107287,2387.87
107288,2388.88
107289,2389.89
107290,2390.90
107291,2391.91
107292,2392.92
107293,2393.93
107294,2394.94
107295,2395.95
107296,2396.96
107297,2397.97
107298,2398.98
107299,2399.99
107300,2400.00
107301,2401.01
107302,2402.02
107303,2403.03
107304,2404.04
107305,2405.05
107306,2406.06
107307,2407.07
107308,2408.08
107309,2409.09
107310,2410.10
107311,2411.11
107312,2412.12
107313,2413.13
107314,2414.14
107315,2415.15
107316,2416.16
107317,2417.17
107318,2418.18
107319,2419.19
107320,2420.20
107321,2421.21
107322,2422.22
107323,2423.23
107324,2424.24
107325,2425.25
107326,2426.26
107327,2427.27
107328,2428.28
107329,2429.29
107330,2430.30
107331,2431.31
107332,2432.32
107333,2433.33
107334,2434.34
107335,2435.35
107336,2436.36
107337,2437.37
107338,2438.38
107339,2439.39
107340,2440.40
107341,2441.41
107342,2442.42
107343,2443.43
107344,2444.44
107345,2445.45
107346,2446.46
107347,2447.47
107348,2448.48
107349,2449.49
107350,2450.50
107351,2451.51
107352,2452.52
107353,2453.53
107354,2454.54
107355,2455.55
107356,2456.56
107357,2457.57
107358,2458.58
107359,2459.59
107360,2460.60
107361,2461.61
107362,2462.62
107363,2463.63
107364,2464.64
107365,2465.65
107366,2466.66
107367,2467.67
107368,2468.68
107369,2469.69
107370,2470.70
107371,2471.71
107372,2472.72
107373,2473.73
107374,2474.74
107375,2475.75
107376,2476.76
107377,2477.77
107378,2478.78
107379,2479.79
107380,2480.80
107381,2481.81
107382,2482.82
107383,2483.83
107384,2484.84
107385,2485.85
107386,2486.86
107387,2487.87
107388,2488.88
107389,2489.89
107390,2490.90
107391,2491.91
107392,2492.92
107393,2493.93
107394,2494.94
107395,2495.95
107396,2496.96
107397,2497.97
107398,2498.98
107399,2499.99
107400,2500.00
107401,2501.01
107402,2502.02
107403,2503.03
107404,2504.04
107405,2505.05
107406,2506.06
107407,2507.07
107408,2508.08
107409,2509.09
107410,2510.10
107411,2511.11
107412,2512.12
107413,2513.13
107414,2514.14
107415,2515.15
107416,2516.16
107417,2517.17
107418,2518.18
107419,2519.19
107420,2520.20
107421,2521.21
107422,2522.22
107423,2523.23
107424,2524.24
107425,2525.25
107426,2526.26
107427,2527.27
107428,2528.28
107429,2529.29
107430,2530.30
107431,2531.31
107432,2532.32
107433,2533.33
107434,2534.34
107435,2535.35
107436,2536.36
107437,2537.37
107438,2538.38
107439,2539.39
107440,2540.40
107441,2541.41
107442,2542.42
107443,2543.43
107444,2544.44
107445,2545.45
107446,2546.46
107447,2547.47
107448,2548.48
107449,2549.49
107450,2550.50
107451,2551.51
107452,2552.52
107453,2553.53
107454,2554.54
107455,2555.55
107456,2556.56
107457,2557.57
107458,2558.58
107459,2559.59
107460,2560.60
107461,2561.61
107462,2562.62
107463,2563.63
107464,2564.64
107465,2565.65
107466,2566.66
107467,2567.67
107468,2568.68
107469,2569.69
107470,2570.70
107471,2571.71
107472,2572.72
107473,2573.73
107474,2574.74
107475,2575.75
107476,2576.76
107477,2577.77
107478,2578.78
107479,2579.79
107480,2580.80
107481,2581.81
107482,2582.82
107483,2583.83
107484,2584.84
107485,2585.85
107486,2586.86
107487,2587.87
107488,2588.88
107489,2589.89
107490,2590.90
107491,2591.91
107492,2592.92
107493,2593.93
107494,2594.94
107495,2595.95
107496,2596.96
107497,2597.97
107498,2598.98
107499,2599.99
107500,2600.00
107501,2601.01
107502,2602.02
107503,2603.03
107504,2604.04
107505,2605.05
107506,2606.06
107507,2607.07
107508,2608.08
107509,2609.09
107510,2610.10
107511,2611.11
107512,2612.12
107513,2613.13
107514,2614.14
107515,2615.15
107516,2616.16
107517,2617.17
107518,2618.18
107519,2619.19
107520,2620.20
107521,2621.21
107522,2622.22
107523,2623.23
107524,2624.24
107525,2625.25
107526,2626.26
107527,2627.27
107528,2628.28
107529,2629.29
107530,2630.30
107531,2631.31
107532,2632.32
107533,2633.33
107534,2634.34
107535,2635.35
107536,2636.36
107537,2637.37
107538,2638.38
107539,2639.39
107540,2640.40
107541,2641.41
107542,2642.42
107543,2643.43
107544,2644.44
107545,2645.45
107546,2646.46
107547,2647.47
107548,2648.48
107549,2649.49
107550,2650.50
107551,2651.51
107552,2652.52
107553,2653.53
107554,2654.54
107555,2655.55
107556,2656.56
107557,2657.57
107558,2658.58
107559,2659.59
107560,2660.60
107561,2661.61
107562,2662.62
107563,2663.63
107564,2664.64
107565,2665.65
107566,2666.66
107567,2667.67
107568,2668.68
107569,2669.69
107570,2670.70
107571,2671.71
107572,2672.72
107573,2673.73
107574,2674.74
107575,2675.75
107576,2676.76
107577,2677.77
107578,2678.78
107579,2679.79
107580,2680.80
107581,2681.81
107582,2682.82
107583,2683.83
107584,2684.84
107585,2685.85
107586,2686.86
107587,2687.87
107588,2688.88
107589,2689.89
107590,2690.90
107591,2691.91
107592,2692.92
107593,2693.93
107594,2694.94
107595,2695.95
107596,2696.96
107597,2697.97
107598,2698.98
107599,2699.99
107600,2700.00
107601,2701.01
107602,2702.02
107603,2703.03
107604,2704.04
107605,2705.05
107606,2706.06
107607,2707.07
107608,2708.08
107609,2709.09
107610,2710.10
107611,2711.11
107612,2712.12
107613,2713.13
107614,2714.14
107615,2715.15
107616,2716.16
107617,2717.17
107618,2718.18
107619,2719.19
107620,2720.20
107621,2721.21
107622,2722.22
107623,2723.23
107624,2724.24
107625,2725.25
107626,2726.26
107627,2727.27
107628,2728.28
107629,2729.29
107630,2730.30
107631,2731.31
107632,2732.32
107633,2733.33
107634,2734.34
107635,2735.35
107636,2736.36
107637,2737.37
107638,2738.38
107639,2739.39
107640,2740.40
107641,2741.41
107642,2742.42
107643,2743.43
107644,2744.44
107645,2745.45
107646,2746.46
107647,2747.47
107648,2748.48
107649,2749.49
107650,2750.50
107651,2751.51
107652,2752.52
107653,2753.53
107654,2754.54
107655,2755.55
107656,2756.56
107657,2757.57
107658,2758.58
107659,2759.59
107660,2760.60
107661,2761.61
107662,2762.62
107663,2763.63
107664,2764.64
107665,2765.65
107666,2766.66
107667,2767.67
107668,2768.68
107669,2769.69
107670,2770.70
107671,2771.71
107672,2772.72
107673,2773.73
107674,2774.74
107675,2775.75
107676,2776.76
107677,2777.77
107678,2778.78
107679,2779.79
107680,2780.80
107681,2781.81
107682,2782.82
107683,2783.83
107684,2784.84
107685,2785.85
107686,2786.86
107687,2787.87
107688,2788.88
107689,2789.89
107690,2790.90
107691,2791.91
107692,2792.92
107693,2793.93
107694,2794.94
107695,2795.95
107696,2796.96
107697,2797.97
107698,2798.98
107699,2799.99
107700,2800.00
107701,2801.01
107702,2802.02
107703,2803.03
107704,2804.04
107705,2805.05
107706,2806.06
107707,2807.07
107708,2808.08
107709,2809.09
107710,2810.10
107711,2811.11
107712,2812.12
107713,2813.13
107714,2814.14
107715,2815.15
107716,2816.16
107717,2817.17
107718,2818.18
107719,2819.19
107720,2820.20
107721,2821.21
107722,2822.22
107723,2823.23
107724,2824.24
107725,2825.25
107726,2826.26
107727,2827.27
107728,2828.28
107729,2829.29
107730,2830.30
107731,2831.31
107732,2832.32
107733,2833.33
107734,2834.34
107735,2835.35
107736,2836.36
107737,2837.37
107738,2838.38
107739,2839.39
107740,2840.40
107741,2841.41
107742,2842.42
107743,2843.43
107744,2844.44
107745,2845.45
107746,2846.46
107747,2847.47
107748,2848.48
107749,2849.49
107750,2850.50
107751,2851.51
107752,2852.52
107753,2853.53
107754,2854.54
107755,2855.55
107756,2856.56
107757,2857.57
107758,2858.58
107759,2859.59
107760,2860.60
107761,2861.61
107762,2862.62
107763,2863.63
107764,2864.64
107765,2865.65
107766,2866.66
107767,2867.67
107768,2868.68
107769,2869.69
107770,2870.70
107771,2871.71
107772,2872.72
107773,2873.73
107774,2874.74
107775,2875.75
107776,2876.76
107777,2877.77
107778,2878.78
107779,2879.79
107780,2880.80
107781,2881.81
107782,2882.82
107783,2883.83
107784,2884.84
107785,2885.85
107786,2886.86
107787,2887.87
107788,2888.88
107789,2889.89
107790,2890.90
107791,2891.91
107792,2892.92
107793,2893.93
107794,2894.94
107795,2895.95
107796,2896.96
107797,2897.97
107798,2898.98
107799,2899.99
107800,2900.00
107801,2901.01
107802,2902.02
107803,2903.03
107804,2904.04
107805,2905.05
107806,2906.06
107807,2907.07
107808,2908.08
107809,2909.09
107810,2910.10
107811,2911.11
107812,2912.12
107813,2913.13
107814,2914.14
107815,2915.15
107816,2916.16
107817,2917.17
107818,2918.18
107819,2919.19
107820,2920.20
107821,2921.21
107822,2922.22
107823,2923.23
107824,2924.24
107825,2925.25
107826,2926.26
107827,2927.27
107828,2928.28
107829,2929.29
107830,2930.30
107831,2931.31
107832,2932.32
107833,2933.33
107834,2934.34
107835,2935.35
107836,2936.36
107837,2937.37
107838,2938.38
107839,2939.39
107840,2940.40
107841,2941.41
107842,2942.42
107843,2943.43
107844,2944.44
107845,2945.45
107846,2946.46
107847,2947.47
107848,2948.48
107849,2949.49
107850,2950.50
107851,2951.51
107852,2952.52
107853,2953.53
107854,2954.54
107855,2955.55
107856,2956.56
107857,2957.57
107858,2958.58
107859,2959.59
107860,2960.60
107861,2961.61
107862,2962.62
107863,2963.63
107864,2964.64
107865,2965.65
107866,2966.66
107867,2967.67
107868,2968.68
107869,2969.69
107870,2970.70
107871,2971.71
107872,2972.72
107873,2973.73
107874,2974.74
107875,2975.75
107876,2976.76
107877,2977.77
107878,2978.78
107879,2979.79
107880,2980.80
107881,2981.81
107882,2982.82
107883,2983.83
107884,2984.84
107885,2985.85
107886,2986.86
107887,2987.87
107888,2988.88
107889,2989.89
107890,2990.90
107891,2991.91
107892,2992.92
107893,2993.93
107894,2994.94
107895,2995.95
107896,2996.96
107897,2997.97
107898,2998.98
107899,2999.99
107900,3000.00
107901,3001.01
107902,3002.02
107903,3003.03
107904,3004.04
107905,3005.05
107906,3006.06
107907,3007.07
107908,3008.08
107909,3009.09
107910,3010.10
107911,3011.11
107912,3012.12
107913,3013.13
107914,3014.14
107915,3015.15
107916,3016.16
107917,3017.17
107918,3018.18
107919,3019.19
107920,3020.20
107921,3021.21
107922,3022.22
107923,3023.23
107924,3024.24
107925,3025.25
107926,3026.26
107927,3027.27
107928,3028.28
107929,3029.29
107930,3030.30
107931,3031.31
107932,3032.32
107933,3033.33
107934,3034.34
107935,3035.35
107936,3036.36
107937,3037.37
107938,3038.38
107939,3039.39
107940,3040.40
107941,3041.41
107942,3042.42
107943,3043.43
107944,3044.44
107945,3045.45
107946,3046.46
107947,3047.47
107948,3048.48
107949,3049.49
107950,3050.50
107951,3051.51
107952,3052.52
107953,3053.53
107954,3054.54
107955,3055.55
107956,3056.56
107957,3057.57
107958,3058.58
107959,3059.59
107960,3060.60
107961,3061.61
107962,3062.62
107963,3063.63
107964,3064.64
107965,3065.65
107966,3066.66
107967,3067.67
107968,3068.68
107969,3069.69
107970,3070.70
107971,3071.71
107972,3072.72
107973,3073.73
107974,3074.74
107975,3075.75
107976,3076.76
107977,3077.77
107978,3078.78
107979,3079.79
107980,3080.80
107981,3081.81
107982,3082.82
107983,3083.83
107984,3084.84
107985,3085.85
107986,3086.86
107987,3087.87
107988,3088.88
107989,3089.89
107990,3090.90
107991,3091.91
107992,3092.92
107993,3093.93
107994,3094.94
107995,3095.95
107996,3096.96
107997,3097.97
107998,3098.98
107999,3099.99
108000,3100.00
108001,3101.01
108002,3102.02
108003,3103.03
108004,3104.04
108005,3105.05
108006,3106.06
108007,3107.07
108008,3108.08
108009,3109.09
108010,3110.10
108011,3111.11
108012,3112.12
108013,3113.13
108014,3114.14
108015,3115.15
108016,3116.16
108017,3117.17
108018,3118.18
108019,3119.19
108020,3120.20
108021,3121.21
108022,3122.22
108023,3123.23
108024,3124.24
108025,3125.25
108026,3126.26
108027,3127.27
108028,3128.28
108029,3129.29
108030,3130.30
108031,3131.31
108032,3132.32
108033,3133.33
108034,3134.34
108035,3135.35
108036,3136.36
108037,3137.37
108038,3138.38
108039,3139.39
108040,3140.40
108041,3141.41
108042,3142.42
108043,3143.43
108044,3144.44
108045,3145.45
108046,3146.46
108047,3147.47
108048,3148.48
108049,3149.49
108050,3150.50
108051,3151.51
108052,3152.52
108053,3153.53
108054,3154.54
108055,3155.55
108056,3156.56
108057,3157.57
108058,3158.58
108059,3159.59
108060,3160.60
108061,3161.61
108062,3162.62
108063,3163.63
108064,3164.64
108065,3165.65
108066,3166.66
108067,3167.67
108068,3168.68
108069,3169.69
108070,3170.70
108071,3171.71
108072,3172.72
108073,3173.73
108074,3174.74
108075,3175.75
108076,3176.76
108077,3177.77
108078,3178.78
108079,3179.79
108080,3180.80
108081,3181.81
108082,3182.82
108083,3183.83
108084,3184.84
108085,3185.85
108086,3186.86
108087,3187.87
108088,3188.88
108089,3189.89
108090,3190.90
108091,3191.91
108092,3192.92
108093,3193.93
108094,3194.94
108095,3195.95
108096,3196.96
108097,3197.97
108098,3198.98
108099,3199.99
108100,3200.00
108101,3201.01
108102,3202.02
108103,3203.03
108104,3204.04
108105,3205.05
108106,3206.06
108107,3207.07
108108,3208.08
108109,3209.09
108110,3210.10
108111,3211.11
108112,3212.12
108113,3213.13
108114,3214.14
108115,3215.15
108116,3216.16
108117,3217.17
108118,3218.18
108119,3219.19
108120,3220.20
108121,3221.21
108122,3222.22
108123,3223.23
108124,3224.24
108125,3225.25
108126,3226.26
108127,3227.27
108128,3228.28
108129,3229.29
108130,3230.30
108131,3231.31
108132,3232.32
108133,3233.33
108134,3234.34
108135,3235.35
108136,3236.36
108137,3237.37
108138,3238.38
108139,3239.39
108140,3240.40
108141,3241.41
108142,3242.42
108143,3243.43
108144,3244.44
108145,3245.45
108146,3246.46
108147,3247.47
108148,3248.48
108149,3249.49
108150,3250.50
108151,3251.51
108152,3252.52
108153,3253.53
108154,3254.54
108155,3255.55
108156,3256.56
108157,3257.57
108158,3258.58
108159,3259.59
108160,3260.60
108161,3261.61
108162,3262.62
108163,3263.63
108164,3264.64
108165,3265.65
108166,3266.66
108167,3267.67
108168,3268.68
108169,3269.69
108170,3270.70
108171,3271.71
108172,3272.72
108173,3273.73
108174,3274.74
108175,3275.75
108176,3276.76
108177,3277.77
108178,3278.78
108179,3279.79
108180,3280.80
108181,3281.81
108182,3282.82
108183,3283.83
108184,3284.84
108185,3285.85
108186,3286.86
108187,3287.87
108188,3288.88
108189,3289.89
108190,3290.90
108191,3291.91
108192,3292.92
108193,3293.93
108194,3294.94
108195,3295.95
108196,3296.96
108197,3297.97
108198,3298.98
108199,3299.99
108200,3300.00
108201,3301.01
108202,3302.02
108203,3303.03
108204,3304.04
108205,3305.05
108206,3306.06
108207,3307.07
108208,3308.08
108209,3309.09
108210,3310.10
108211,3311.11
108212,3312.12
108213,3313.13
108214,3314.14
108215,3315.15
108216,3316.16
108217,3317.17
108218,3318.18
108219,3319.19
108220,3320.20
108221,3321.21
108222,3322.22
108223,3323.23
108224,3324.24
108225,3325.25
108226,3326.26
108227,3327.27
108228,3328.28
108229,3329.29
108230,3330.30
108231,3331.31
108232,3332.32
108233,3333.33
108234,3334.34
108235,3335.35
108236,3336.36
108237,3337.37
108238,3338.38
108239,3339.39
108240,3340.40
108241,3341.41
108242,3342.42
108243,3343.43
108244,3344.44
108245,3345.45
108246,3346.46
108247,3347.47
108248,3348.48
108249,3349.49
108250,3350.50
108251,3351.51
108252,3352.52
108253,3353.53
108254,3354.54
108255,3355.55
108256,3356.56
108257,3357.57
108258,3358.58
108259,3359.59
108260,3360.60
108261,3361.61
108262,3362.62
108263,3363.63
108264,3364.64
108265,3365.65
108266,3366.66
108267,3367.67
108268,3368.68
108269,3369.69
108270,3370.70
108271,3371.71
108272,3372.72
108273,3373.73
108274,3374.74
108275,3375.75
108276,3376.76
108277,3377.77
108278,3378.78
108279,3379.79
108280,3380.80
108281,3381.81
108282,3382.82
108283,3383.83
108284,3384.84
108285,3385.85
108286,3386.86
108287,3387.87
108288,3388.88
108289,3389.89
108290,3390.90
108291,3391.91
108292,3392.92
108293,3393.93
108294,3394.94
108295,3395.95
108296,3396.96
108297,3397.97
108298,3398.98
108299,3399.99
108300,3400.00
108301,3401.01
108302,3402.02
108303,3403.03
108304,3404.04
108305,3405.05
108306,3406.06
108307,3407.07
108308,3408.08
108309,3409.09
108310,3410.10
108311,3411.11
108312,3412.12
108313,3413.13
108314,3414.14
108315,3415.15
108316,3416.16
108317,3417.17
108318,3418.18
108319,3419.19
108320,3420.20
108321,3421.21
108322,3422.22
108323,3423.23
108324,3424.24
108325,3425.25
108326,3426.26
108327,3427.27
108328,3428.28
108329,3429.29
108330,3430.30
108331,3431.31
108332,3432.32
108333,3433.33
108334,3434.34
108335,3435.35
108336,3436.36
108337,3437.37
108338,3438.38
108339,3439.39
108340,3440.40
108341,3441.41
108342,3442.42
108343,3443.43
108344,3444.44
108345,3445.45
108346,3446.46
108347,3447.47
108348,3448.48
108349,3449.49
108350,3450.50
108351,3451.51
108352,3452.52
108353,3453.53
108354,3454.54
108355,3455.55
108356,3456.56
108357,3457.57
108358,3458.58
108359,3459.59
108360,3460.60
108361,3461.61
108362,3462.62
108363,3463.63
108364,3464.64
108365,3465.65
108366,3466.66
108367,3467.67
108368,3468.68
108369,3469.69
108370,3470.70
108371,3471.71
108372,3472.72
108373,3473.73
108374,3474.74
108375,3475.75
108376,3476.76
108377,3477.77
108378,3478.78
108379,3479.79
108380,3480.80
108381,3481.81
108382,3482.82
108383,3483.83
108384,3484.84
108385,3485.85
108386,3486.86
108387,3487.87
108388,3488.88
108389,3489.89
108390,3490.90
108391,3491.91
108392,3492.92
108393,3493.93
108394,3494.94
108395,3495.95
108396,3496.96
108397,3497.97
108398,3498.98
108399,3499.99
108400,3500.00
108401,3501.01
108402,3502.02
108403,3503.03
108404,3504.04
108405,3505.05
108406,3506.06
108407,3507.07
108408,3508.08
108409,3509.09
108410,3510.10
108411,3511.11
108412,3512.12
108413,3513.13
108414,3514.14
108415,3515.15
108416,3516.16
108417,3517.17
108418,3518.18
108419,3519.19
108420,3520.20
108421,3521.21
108422,3522.22
108423,3523.23
108424,3524.24
108425,3525.25
108426,3526.26
108427,3527.27
108428,3528.28
108429,3529.29
108430,3530.30
108431,3531.31
108432,3532.32
108433,3533.33
108434,3534.34
108435,3535.35
108436,3536.36
108437,3537.37
108438,3538.38
108439,3539.39
108440,3540.40
108441,3541.41
108442,3542.42
108443,3543.43
108444,3544.44
108445,3545.45
108446,3546.46
108447,3547.47
108448,3548.48
108449,3549.49
108450,3550.50
108451,3551.51
108452,3552.52
108453,3553.53
108454,3554.54
108455,3555.55
108456,3556.56
108457,3557.57
108458,3558.58
108459,3559.59
108460,3560.60
108461,3561.61
108462,3562.62
108463,3563.63
108464,3564.64
108465,3565.65
108466,3566.66
108467,3567.67
108468,3568.68
108469,3569.69
108470,3570.70
108471,3571.71
108472,3572.72
108473,3573.73
108474,3574.74
108475,3575.75
108476,3576.76
108477,3577.77
108478,3578.78
108479,3579.79
108480,3580.80
108481,3581.81
108482,3582.82
108483,3583.83
108484,3584.84
108485,3585.85
108486,3586.86
108487,3587.87
108488,3588.88
108489,3589.89
108490,3590.90
108491,3591.91
108492,3592.92
108493,3593.93
108494,3594.94
108495,3595.95
108496,3596.96
108497,3597.97
108498,3598.98
108499,3599.99
108500,3600.00
108501,3601.01
108502,3602.02
108503,3603.03
108504,3604.04
108505,3605.05
108506,3606.06
108507,3607.07
108508,3608.08
108509,3609.09
108510,3610.10
108511,3611.11
108512,3612.12
108513,3613.13
108514,3614.14
108515,3615.15
108516,3616.16
108517,3617.17
108518,3618.18
108519,3619.19
108520,3620.20
108521,3621.21
108522,3622.22
108523,3623.23
108524,3624.24
108525,3625.25
108526,3626.26
108527,3627.27
108528,3628.28
108529,3629.29
108530,3630.30
108531,3631.31
108532,3632.32
108533,3633.33
108534,3634.34
108535,3635.35
108536,3636.36
108537,3637.37
108538,3638.38
108539,3639.39
108540,3640.40
108541,3641.41
108542,3642.42
108543,3643.43
108544,3644.44
108545,3645.45
108546,3646.46
108547,3647.47
108548,3648.48
108549,3649.49
108550,3650.50
108551,3651.51
108552,3652.52
108553,3653.53
108554,3654.54
108555,3655.55
108556,3656.56
108557,3657.57
108558,3658.58
108559,3659.59
108560,3660.60
108561,3661.61
108562,3662.62
108563,3663.63
108564,3664.64
108565,3665.65
108566,3666.66
108567,3667.67
108568,3668.68
108569,3669.69
108570,3670.70
108571,3671.71
108572,3672.72
108573,3673.73
108574,3674.74
108575,3675.75
108576,3676.76
108577,3677.77
108578,3678.78
108579,3679.79
108580,3680.80
108581,3681.81
108582,3682.82
108583,3683.83
108584,3684.84
108585,3685.85
108586,3686.86
108587,3687.87
108588,3688.88
108589,3689.89
108590,3690.90
108591,3691.91
108592,3692.92
108593,3693.93
108594,3694.94
108595,3695.95
108596,3696.96
108597,3697.97
108598,3698.98
108599,3699.99
108600,3700.00
108601,3701.01
108602,3702.02
108603,3703.03
108604,3704.04
108605,3705.05
108606,3706.06
108607,3707.07
108608,3708.08
108609,3709.09
108610,3710.10
108611,3711.11
108612,3712.12
108613,3713.13
108614,3714.14
108615,3715.15
108616,3716.16
108617,3717.17
108618,3718.18
108619,3719.19
108620,3720.20
108621,3721.21
108622,3722.22
108623,3723.23
108624,3724.24
108625,3725.25
108626,3726.26
108627,3727.27
108628,3728.28
108629,3729.29
108630,3730.30
108631,3731.31
108632,3732.32
108633,3733.33
108634,3734.34
108635,3735.35
108636,3736.36
108637,3737.37
108638,3738.38
108639,3739.39
108640,3740.40
108641,3741.41
108642,3742.42
108643,3743.43
108644,3744.44
108645,3745.45
108646,3746.46
108647,3747.47
108648,3748.48
108649,3749.49
108650,3750.50
108651,3751.51
108652,3752.52
108653,3753.53
108654,3754.54
108655,3755.55
108656,3756.56
108657,3757.57
108658,3758.58
108659,3759.59
108660,3760.60
108661,3761.61
108662,3762.62
108663,3763.63
108664,3764.64
108665,3765.65
108666,3766.66
108667,3767.67
108668,3768.68
108669,3769.69
108670,3770.70
108671,3771.71
108672,3772.72
108673,3773.73
108674,3774.74
108675,3775.75
108676,3776.76
108677,3777.77
108678,3778.78
108679,3779.79
108680,3780.80
108681,3781.81
108682,3782.82
108683,3783.83
108684,3784.84
108685,3785.85
108686,3786.86
108687,3787.87
108688,3788.88
108689,3789.89
108690,3790.90
108691,3791.91
108692,3792.92
108693,3793.93
108694,3794.94
108695,3795.95
108696,3796.96
108697,3797.97
108698,3798.98
108699,3799.99
108700,3800.00
108701,3801.01
108702,3802.02
108703,3803.03
108704,3804.04
108705,3805.05
108706,3806.06
108707,3807.07
108708,3808.08
108709,3809.09
108710,3810.10
108711,3811.11
108712,3812.12
108713,3813.13
108714,3814.14
108715,3815.15
108716,3816.16
108717,3817.17
108718,3818.18
108719,3819.19
108720,3820.20
108721,3821.21
108722,3822.22
108723,3823.23
108724,3824.24
108725,3825.25
108726,3826.26
108727,3827.27
108728,3828.28
108729,3829.29
108730,3830.30
108731,3831.31
108732,3832.32
108733,3833.33
108734,3834.34
108735,3835.35
108736,3836.36
108737,3837.37
108738,3838.38
108739,3839.39
108740,3840.40
108741,3841.41
108742,3842.42
108743,3843.43
108744,3844.44
108745,3845.45
108746,3846.46
108747,3847.47
108748,3848.48
108749,3849.49
108750,3850.50
108751,3851.51
108752,3852.52
108753,3853.53
108754,3854.54
108755,3855.55
108756,3856.56
108757,3857.57
108758,3858.58
108759,3859.59
108760,3860.60
108761,3861.61
108762,3862.62
108763,3863.63
108764,3864.64
108765,3865.65
108766,3866.66
108767,3867.67
108768,3868.68
108769,3869.69
108770,3870.70
108771,3871.71
108772,3872.72
108773,3873.73
108774,3874.74
108775,3875.75
108776,3876.76
108777,3877.77
108778,3878.78
108779,3879.79
108780,3880.80
108781,3881.81
108782,3882.82
108783,3883.83
108784,3884.84
108785,3885.85
108786,3886.86
108787,3887.87
108788,3888.88
108789,3889.89
108790,3890.90
108791,3891.91
108792,3892.92
108793,3893.93
108794,3894.94
108795,3895.95
108796,3896.96
108797,3897.97
108798,3898.98
108799,3899.99
108800,3900.00
108801,3901.01
108802,3902.02
108803,3903.03
108804,3904.04
108805,3905.05
108806,3906.06
108807,3907.07
108808,3908.08
108809,3909.09
108810,3910.10
108811,3911.11
108812,3912.12
108813,3913.13
108814,3914.14
108815,3915.15
108816,3916.16
108817,3917.17
108818,3918.18
108819,3919.19
108820,3920.20
108821,3921.21
108822,3922.22
108823,3923.23
108824,3924.24
108825,3925.25
108826,3926.26
108827,3927.27
108828,3928.28
108829,3929.29
108830,3930.30
108831,3931.31
108832,3932.32
108833,3933.33
108834,3934.34
108835,3935.35
108836,3936.36
108837,3937.37
108838,3938.38
108839,3939.39
108840,3940.40
108841,3941.41
108842,3942.42
108843,3943.43
108844,3944.44
108845,3945.45
108846,3946.46
108847,3947.47
108848,3948.48
108849,3949.49
108850,3950.50
108851,3951.51
108852,3952.52
108853,3953.53
108854,3954.54
108855,3955.55
108856,3956.56
108857,3957.57
108858,3958.58
108859,3959.59
108860,3960.60
108861,3961.61
108862,3962.62
108863,3963.63
108864,3964.64
108865,3965.65
108866,3966.66
108867,3967.67
108868,3968.68
108869,3969.69
108870,3970.70
108871,3971.71
108872,3972.72
108873,3973.73
108874,3974.74
108875,3975.75
108876,3976.76
108877,3977.77
108878,3978.78
108879,3979.79
108880,3980.80
108881,3981.81
108882,3982.82
108883,3983.83
108884,3984.84
108885,3985.85
108886,3986.86
108887,3987.87
108888,3988.88
108889,3989.89
108890,3990.90
108891,3991.91
108892,3992.92
108893,3993.93
108894,3994.94
108895,3995.95
108896,3996.96
108897,3997.97
108898,3998.98
108899,3999.99
108900,4000.00
108901,4001.01
108902,4002.02
108903,4003.03
108904,4004.04
108905,4005.05
108906,4006.06
108907,4007.07
108908,4008.08
108909,4009.09
108910,4010.10
108911,4011.11
108912,4012.12
108913,4013.13
108914,4014.14
108915,4015.15
108916,4016.16
108917,4017.17
108918,4018.18
108919,4019.19
108920,4020.20
108921,4021.21
108922,4022.22
108923,4023.23
108924,4024.24
108925,4025.25
108926,4026.26
108927,4027.27
108928,4028.28
108929,4029.29
108930,4030.30
108931,4031.31
108932,4032.32
108933,4033.33
108934,4034.34
108935,4035.35
108936,4036.36
108937,4037.37
108938,4038.38
108939,4039.39
108940,4040.40
108941,4041.41
108942,4042.42
108943,4043.43
108944,4044.44
108945,4045.45
108946,4046.46
108947,4047.47
108948,4048.48
108949,4049.49
108950,4050.50
108951,4051.51
108952,4052.52
108953,4053.53
108954,4054.54
108955,4055.55
108956,4056.56
108957,4057.57
108958,4058.58
108959,4059.59
108960,4060.60
108961,4061.61
108962,4062.62
108963,4063.63
108964,4064.64
108965,4065.65
108966,4066.66
108967,4067.67
108968,4068.68
108969,4069.69
108970,4070.70
108971,4071.71
108972,4072.72
108973,4073.73
108974,4074.74
108975,4075.75
108976,4076.76
108977,4077.77
108978,4078.78
108979,4079.79
108980,4080.80
108981,4081.81
108982,4082.82
108983,4083.83
108984,4084.84
108985,4085.85
108986,4086.86
108987,4087.87
108988,4088.88
108989,4089.89
108990,4090.90
108991,4091.91
108992,4092.92
108993,4093.93
108994,4094.94
108995,4095.95
108996,4096.96
108997,4097.97
108998,4098.98
108999,4099.99
109000,4100.00
109001,4101.01
109002,4102.02
109003,4103.03
109004,4104.04
109005,4105.05
109006,4106.06
109007,4107.07
109008,4108.08
109009,4109.09
109010,4110.10
109011,4111.11
109012,4112.12
109013,4113.13
109014,4114.14
109015,4115.15
109016,4116.16
109017,4117.17
109018,4118.18
109019,4119.19
109020,4120.20
109021,4121.21
109022,4122.22
109023,4123.23
109024,4124.24
109025,4125.25
109026,4126.26
109027,4127.27
109028,4128.28
109029,4129.29
109030,4130.30
109031,4131.31
109032,4132.32
109033,4133.33
109034,4134.34
109035,4135.35
109036,4136.36
109037,4137.37
109038,4138.38
109039,4139.39
109040,4140.40
109041,4141.41
109042,4142.42
109043,4143.43
109044,4144.44
109045,4145.45
109046,4146.46
109047,4147.47
109048,4148.48
109049,4149.49
109050,4150.50
109051,4151.51
109052,4152.52
109053,4153.53
109054,4154.54
109055,4155.55
109056,4156.56
109057,4157.57
109058,4158.58
109059,4159.59
109060,4160.60
109061,4161.61
109062,4162.62
109063,4163.63
109064,4164.64
109065,4165.65
109066,4166.66
109067,4167.67
109068,4168.68
109069,4169.69
109070,4170.70
109071,4171.71
109072,4172.72
109073,4173.73
109074,4174.74
109075,4175.75
109076,4176.76
109077,4177.77
109078,4178.78
109079,4179.79
109080,4180.80
109081,4181.81
109082,4182.82
109083,4183.83
109084,4184.84
109085,4185.85
109086,4186.86
109087,4187.87
109088,4188.88
109089,4189.89
109090,4190.90
109091,4191.91
109092,4192.92
109093,4193.93
109094,4194.94
109095,4195.95
109096,4196.96
109097,4197.97
109098,4198.98
109099,4199.99
109100,4200.00
109101,4201.01
109102,4202.02
109103,4203.03
109104,4204.04
109105,4205.05
109106,4206.06
109107,4207.07
109108,4208.08
109109,4209.09
109110,4210.10
109111,4211.11
109112,4212.12
109113,4213.13
109114,4214.14
109115,4215.15
109116,4216.16
109117,4217.17
109118,4218.18
109119,4219.19
109120,4220.20
109121,4221.21
109122,4222.22
109123,4223.23
109124,4224.24
109125,4225.25
109126,4226.26
109127,4227.27
109128,4228.28
109129,4229.29
109130,4230.30
109131,4231.31
109132,4232.32
109133,4233.33
109134,4234.34
109135,4235.35
109136,4236.36
109137,4237.37
109138,4238.38
109139,4239.39
109140,4240.40
109141,4241.41
109142,4242.42
109143,4243.43
109144,4244.44
109145,4245.45
109146,4246.46
109147,4247.47
109148,4248.48
109149,4249.49
109150,4250.50
109151,4251.51
109152,4252.52
109153,4253.53
109154,4254.54
109155,4255.55
109156,4256.56
109157,4257.57
109158,4258.58
109159,4259.59
109160,4260.60
109161,4261.61
109162,4262.62
109163,4263.63
109164,4264.64
109165,4265.65
109166,4266.66
109167,4267.67
109168,4268.68
109169,4269.69
109170,4270.70
109171,4271.71
109172,4272.72
109173,4273.73
109174,4274.74
109175,4275.75
109176,4276.76
109177,4277.77
109178,4278.78
109179,4279.79
109180,4280.80
109181,4281.81
109182,4282.82
109183,4283.83
109184,4284.84
109185,4285.85
109186,4286.86
109187,4287.87
109188,4288.88
109189,4289.89
109190,4290.90
109191,4291.91
109192,4292.92
109193,4293.93
109194,4294.94
109195,4295.95
109196,4296.96
109197,4297.97
109198,4298.98
109199,4299.99
109200,4300.00
109201,4301.01
109202,4302.02
109203,4303.03
109204,4304.04
109205,4305.05
109206,4306.06
109207,4307.07
109208,4308.08
109209,4309.09
109210,4310.10
109211,4311.11
109212,4312.12
109213,4313.13
109214,4314.14
109215,4315.15
109216,4316.16
109217,4317.17
109218,4318.18
109219,4319.19
109220,4320.20
109221,4321.21
109222,4322.22
109223,4323.23
109224,4324.24
109225,4325.25
109226,4326.26
109227,4327.27
109228,4328.28
109229,4329.29
109230,4330.30
109231,4331.31
109232,4332.32
109233,4333.33
109234,4334.34
109235,4335.35
109236,4336.36
109237,4337.37
109238,4338.38
109239,4339.39
109240,4340.40
109241,4341.41
109242,4342.42
109243,4343.43
109244,4344.44
109245,4345.45
109246,4346.46
109247,4347.47
109248,4348.48
109249,4349.49
109250,4350.50
109251,4351.51
109252,4352.52
109253,4353.53
109254,4354.54
109255,4355.55
109256,4356.56
109257,4357.57
109258,4358.58
109259,4359.59
109260,4360.60
109261,4361.61
109262,4362.62
109263,4363.63
109264,4364.64
109265,4365.65
109266,4366.66
109267,4367.67
109268,4368.68
109269,4369.69
109270,4370.70
109271,4371.71
109272,4372.72
109273,4373.73
109274,4374.74
109275,4375.75
109276,4376.76
109277,4377.77
109278,4378.78
109279,4379.79
109280,4380.80
109281,4381.81
109282,4382.82
109283,4383.83
109284,4384.84
109285,4385.85
109286,4386.86
109287,4387.87
109288,4388.88
109289,4389.89
109290,4390.90
109291,4391.91
109292,4392.92
109293,4393.93
109294,4394.94
109295,4395.95
109296,4396.96
109297,4397.97
109298,4398.98
109299,4399.99
109300,4400.00
109301,4401.01
109302,4402.02
109303,4403.03
109304,4404.04
109305,4405.05
109306,4406.06
109307,4407.07
109308,4408.08
109309,4409.09
109310,4410.10
109311,4411.11
109312,4412.12
109313,4413.13
109314,4414.14
109315,4415.15
109316,4416.16
109317,4417.17
109318,4418.18
109319,4419.19
109320,4420.20
109321,4421.21
109322,4422.22
109323,4423.23
109324,4424.24
109325,4425.25
109326,4426.26
109327,4427.27
109328,4428.28
109329,4429.29
109330,4430.30
109331,4431.31
109332,4432.32
109333,4433.33
109334,4434.34
109335,4435.35
109336,4436.36
109337,4437.37
109338,4438.38
109339,4439.39
109340,4440.40
109341,4441.41
109342,4442.42
109343,4443.43
109344,4444.44
109345,4445.45
109346,4446.46
109347,4447.47
109348,4448.48
109349,4449.49
109350,4450.50
109351,4451.51
109352,4452.52
109353,4453.53
109354,4454.54
109355,4455.55
109356,4456.56
109357,4457.57
109358,4458.58
109359,4459.59
109360,4460.60
109361,4461.61
109362,4462.62
109363,4463.63
109364,4464.64
109365,4465.65
109366,4466.66
109367,4467.67
109368,4468.68
109369,4469.69
109370,4470.70
109371,4471.71
109372,4472.72
109373,4473.73
109374,4474.74
109375,4475.75
109376,4476.76
109377,4477.77
109378,4478.78
109379,4479.79
109380,4480.80
109381,4481.81
109382,4482.82
109383,4483.83
109384,4484.84
109385,4485.85
109386,4486.86
109387,4487.87
109388,4488.88
109389,4489.89
109390,4490.90
109391,4491.91
109392,4492.92
109393,4493.93
109394,4494.94
109395,4495.95
109396,4496.96
109397,4497.97
109398,4498.98
109399,4499.99
109400,4500.00
109401,4501.01
109402,4502.02
109403,4503.03
109404,4504.04
109405,4505.05
109406,4506.06
109407,4507.07
109408,4508.08
109409,4509.09
109410,4510.10
109411,4511.11
109412,4512.12
109413,4513.13
109414,4514.14
109415,4515.15
109416,4516.16
109417,4517.17
109418,4518.18
109419,4519.19
109420,4520.20
109421,4521.21
109422,4522.22
109423,4523.23
109424,4524.24
109425,4525.25
109426,4526.26
109427,4527.27
109428,4528.28
109429,4529.29
109430,4530.30
109431,4531.31
109432,4532.32
109433,4533.33
109434,4534.34
109435,4535.35
109436,4536.36
109437,4537.37
109438,4538.38
109439,4539.39
109440,4540.40
109441,4541.41
109442,4542.42
109443,4543.43
109444,4544.44
109445,4545.45
109446,4546.46
109447,4547.47
109448,4548.48
109449,4549.49
109450,4550.50
109451,4551.51
109452,4552.52
109453,4553.53
109454,4554.54
109455,4555.55
109456,4556.56
109457,4557.57
109458,4558.58
109459,4559.59
109460,4560.60
109461,4561.61
109462,4562.62
109463,4563.63
109464,4564.64
109465,4565.65
109466,4566.66
109467,4567.67
109468,4568.68
109469,4569.69
109470,4570.70
109471,4571.71
109472,4572.72
109473,4573.73
109474,4574.74
109475,4575.75
109476,4576.76
109477,4577.77
109478,4578.78
109479,4579.79
109480,4580.80
109481,4581.81
109482,4582.82
109483,4583.83
109484,4584.84
109485,4585.85
109486,4586.86
109487,4587.87
109488,4588.88
109489,4589.89
109490,4590.90
109491,4591.91
109492,4592.92
109493,4593.93
109494,4594.94
109495,4595.95
109496,4596.96
109497,4597.97
109498,4598.98
109499,4599.99
109500,4600.00
109501,4601.01
109502,4602.02
109503,4603.03
109504,4604.04
109505,4605.05
109506,4606.06
109507,4607.07
109508,4608.08
109509,4609.09
109510,4610.10
109511,4611.11
109512,4612.12
109513,4613.13
109514,4614.14
109515,4615.15
109516,4616.16
109517,4617.17
109518,4618.18
109519,4619.19
109520,4620.20
109521,4621.21
109522,4622.22
109523,4623.23
109524,4624.24
109525,4625.25
109526,4626.26
109527,4627.27
109528,4628.28
109529,4629.29
109530,4630.30
109531,4631.31
109532,4632.32
109533,4633.33
109534,4634.34
109535,4635.35
109536,4636.36
109537,4637.37
109538,4638.38
109539,4639.39
109540,4640.40
109541,4641.41
109542,4642.42
109543,4643.43
109544,4644.44
109545,4645.45
109546,4646.46
109547,4647.47
109548,4648.48
109549,4649.49
109550,4650.50
109551,4651.51
109552,4652.52
109553,4653.53
109554,4654.54
109555,4655.55
109556,4656.56
109557,4657.57
109558,4658.58
109559,4659.59
109560,4660.60
109561,4661.61
109562,4662.62
109563,4663.63
109564,4664.64
109565,4665.65
109566,4666.66
109567,4667.67
109568,4668.68
109569,4669.69
109570,4670.70
109571,4671.71
109572,4672.72
109573,4673.73
109574,4674.74
109575,4675.75
109576,4676.76
109577,4677.77
109578,4678.78
109579,4679.79
109580,4680.80
109581,4681.81
109582,4682.82
109583,4683.83
109584,4684.84
109585,4685.85
109586,4686.86
109587,4687.87
109588,4688.88
109589,4689.89
109590,4690.90
109591,4691.91
109592,4692.92
109593,4693.93
109594,4694.94
109595,4695.95
109596,4696.96
109597,4697.97
109598,4698.98
109599,4699.99
109600,4700.00
109601,4701.01
109602,4702.02
109603,4703.03
109604,4704.04
109605,4705.05
109606,4706.06
109607,4707.07
109608,4708.08
109609,4709.09
109610,4710.10
109611,4711.11
109612,4712.12
109613,4713.13
109614,4714.14
109615,4715.15
109616,4716.16
109617,4717.17
109618,4718.18
109619,4719.19
109620,4720.20
109621,4721.21
109622,4722.22
109623,4723.23
109624,4724.24
109625,4725.25
109626,4726.26
109627,4727.27
109628,4728.28
109629,4729.29
109630,4730.30
109631,4731.31
109632,4732.32
109633,4733.33
109634,4734.34
109635,4735.35
109636,4736.36
109637,4737.37
109638,4738.38
109639,4739.39
109640,4740.40
109641,4741.41
109642,4742.42
109643,4743.43
109644,4744.44
109645,4745.45
109646,4746.46
109647,4747.47
109648,4748.48
109649,4749.49
109650,4750.50
109651,4751.51
109652,4752.52
109653,4753.53
109654,4754.54
109655,4755.55
109656,4756.56
109657,4757.57
109658,4758.58
109659,4759.59
109660,4760.60
109661,4761.61
109662,4762.62
109663,4763.63
109664,4764.64
109665,4765.65
109666,4766.66
109667,4767.67
109668,4768.68
109669,4769.69
109670,4770.70
109671,4771.71
109672,4772.72
109673,4773.73
109674,4774.74
109675,4775.75
109676,4776.76
109677,4777.77
109678,4778.78
109679,4779.79
109680,4780.80
109681,4781.81
109682,4782.82
109683,4783.83
109684,4784.84
109685,4785.85
109686,4786.86
109687,4787.87
109688,4788.88
109689,4789.89
109690,4790.90
109691,4791.91
109692,4792.92
109693,4793.93
109694,4794.94
109695,4795.95
109696,4796.96
109697,4797.97
109698,4798.98
109699,4799.99
109700,4800.00
109701,4801.01
109702,4802.02
109703,4803.03
109704,4804.04
109705,4805.05
109706,4806.06
109707,4807.07
109708,4808.08
109709,4809.09
109710,4810.10
109711,4811.11
109712,4812.12
109713,4813.13
109714,4814.14
109715,4815.15
109716,4816.16
109717,4817.17
109718,4818.18
109719,4819.19
109720,4820.20
109721,4821.21
109722,4822.22
109723,4823.23
109724,4824.24
109725,4825.25
109726,4826.26
109727,4827.27
109728,4828.28
109729,4829.29
109730,4830.30
109731,4831.31
109732,4832.32
109733,4833.33
109734,4834.34
109735,4835.35
109736,4836.36
109737,4837.37
109738,4838.38
109739,4839.39
109740,4840.40
109741,4841.41
109742,4842.42
109743,4843.43
109744,4844.44
109745,4845.45
109746,4846.46
109747,4847.47
109748,4848.48
109749,4849.49
109750,4850.50
109751,4851.51
109752,4852.52
109753,4853.53
109754,4854.54
109755,4855.55
109756,4856.56
109757,4857.57
109758,4858.58
109759,4859.59
109760,4860.60
109761,4861.61
109762,4862.62
109763,4863.63
109764,4864.64
109765,4865.65
109766,4866.66
109767,4867.67
109768,4868.68
109769,4869.69
109770,4870.70
109771,4871.71
109772,4872.72
109773,4873.73
109774,4874.74
109775,4875.75
109776,4876.76
109777,4877.77
109778,4878.78
109779,4879.79
109780,4880.80
109781,4881.81
109782,4882.82
109783,4883.83
109784,4884.84
109785,4885.85
109786,4886.86
109787,4887.87
109788,4888.88
109789,4889.89
109790,4890.90
109791,4891.91
109792,4892.92
109793,4893.93
109794,4894.94
109795,4895.95
109796,4896.96
109797,4897.97
109798,4898.98
109799,4899.99
109800,4900.00
109801,4901.01
109802,4902.02
109803,4903.03
109804,4904.04
109805,4905.05
109806,4906.06
109807,4907.07
109808,4908.08
109809,4909.09
109810,4910.10
109811,4911.11
109812,4912.12
109813,4913.13
109814,4914.14
109815,4915.15
109816,4916.16
109817,4917.17
109818,4918.18
109819,4919.19
109820,4920.20
109821,4921.21
109822,4922.22
109823,4923.23
109824,4924.24
109825,4925.25
109826,4926.26
109827,4927.27
109828,4928.28
109829,4929.29
109830,4930.30
109831,4931.31
109832,4932.32
109833,4933.33
109834,4934.34
109835,4935.35
109836,4936.36
109837,4937.37
109838,4938.38
109839,4939.39
109840,4940.40
109841,4941.41
109842,4942.42
109843,4943.43
109844,4944.44
109845,4945.45
109846,4946.46
109847,4947.47
109848,4948.48
109849,4949.49
109850,4950.50
109851,4951.51
109852,4952.52
109853,4953.53
109854,4954.54
109855,4955.55
109856,4956.56
109857,4957.57
109858,4958.58
109859,4959.59
109860,4960.60
109861,4961.61
109862,4962.62
109863,4963.63
109864,4964.64
109865,4965.65
109866,4966.66
109867,4967.67
109868,4968.68
109869,4969.69
109870,4970.70
109871,4971.71
109872,4972.72
109873,4973.73
109874,4974.74
109875,4975.75
109876,4976.76
109877,4977.77
109878,4978.78
109879,4979.79
109880,4980.80
109881,4981.81
109882,4982.82
109883,4983.83
109884,4984.84
109885,4985.85
109886,4986.86
109887,4987.87
109888,4988.88
109889,4989.89
109890,4990.90
109891,4991.91
109892,4992.92
109893,4993.93
109894,4994.94
109895,4995.95
109896,4996.96
109897,4997.97
109898,4998.98
109899,4999.99
109900,5000.00
109901,5001.01
109902,5002.02
109903,5003.03
109904,5004.04
109905,5005.05
109906,5006.06
109907,5007.07
109908,5008.08
109909,5009.09
109910,5010.10
109911,5011.11
109912,5012.12
109913,5013.13
109914,5014.14
109915,5015.15
109916,5016.16
109917,5017.17
109918,5018.18
109919,5019.19
109920,5020.20
109921,5021.21
109922,5022.22
109923,5023.23
109924,5024.24
109925,5025.25
109926,5026.26
109927,5027.27
109928,5028.28
109929,5029.29
109930,5030.30
109931,5031.31
109932,5032.32
109933,5033.33
109934,5034.34
109935,5035.35
109936,5036.36
109937,5037.37
109938,5038.38
109939,5039.39
109940,5040.40
109941,5041.41
109942,5042.42
109943,5043.43
109944,5044.44
109945,5045.45
109946,5046.46
109947,5047.47
109948,5048.48
109949,5049.49
109950,5050.50
109951,5051.51
109952,5052.52
109953,5053.53
109954,5054.54
109955,5055.55
109956,5056.56
109957,5057.57
109958,5058.58
109959,5059.59
109960,5060.60
109961,5061.61
109962,5062.62
109963,5063.63
109964,5064.64
109965,5065.65
109966,5066.66
109967,5067.67
109968,5068.68
109969,5069.69
109970,5070.70
109971,5071.71
109972,5072.72
109973,5073.73
109974,5074.74
109975,5075.75
109976,5076.76
109977,5077.77
109978,5078.78
109979,5079.79
109980,5080.80
109981,5081.81
109982,5082.82
109983,5083.83
109984,5084.84
109985,5085.85
109986,5086.86
109987,5087.87
109988,5088.88
109989,5089.89
109990,5090.90
109991,5091.91
109992,5092.92
109993,5093.93
109994,5094.94
109995,5095.95
109996,5096.96
109997,5097.97
109998,5098.98
109999,5099.99
110000,100.00
